date,apple,pen
2006-01-01,33271,2574
2006-01-02,31409,2431
2006-01-03,29529,2260
2006-01-04,27732,2107
2006-01-05,25790,1974
2006-01-06,23892,1825
2006-01-07,21997,1687
2006-01-08,20161,1567
2006-01-09,18293,1442
2006-01-10,16414,1286
2006-01-11,14618,1135
2006-01-12,12703,995
2006-01-13,10783,859
2006-01-14,8911,698
2006-01-15,42091,3179
2006-01-16,40197,3019
2006-01-17,38289,2877
2006-01-18,36449,2727
2006-01-19,34477,2581
2006-01-20,32616,2435
2006-01-21,30793,2303
2006-01-22,28883,2151
2006-01-23,27049,2000
2006-01-24,25200,1842
2006-01-25,23273,1676
2006-01-26,21391,1520
2006-01-27,19594,1395
2006-01-28,17746,1236
2006-01-29,15872,1108
2006-01-30,13994,968
2006-01-31,12157,811
2006-02-01,45336,3413
2006-02-02,43452,3284
2006-02-03,41633,3153
2006-02-04,39781,3015
2006-02-05,37918,2860
2006-02-06,36068,2701
2006-02-07,34274,2552
2006-02-08,32401,2415
2006-02-09,30517,2276
2006-02-10,28622,2133
2006-02-11,26733,1994
2006-02-12,24911,1852
2006-02-13,23058,1696
2006-02-14,21149,1547
2006-02-15,54173,4108
2006-02-16,52277,3966
2006-02-17,50304,3836
2006-02-18,48556,3695
2006-02-19,46744,3554
2006-02-20,44833,3418
2006-02-21,43002,3278
2006-02-22,41159,3141
2006-02-23,39214,3007
2006-02-24,37351,2854
2006-02-25,35525,2699
2006-02-26,33682,2546
2006-02-27,31753,2411
2006-02-28,29859,2280
2006-03-01,63178,4754
2006-03-02,61314,4584
2006-03-03,59456,4428
2006-03-04,57574,4286
2006-03-05,55730,4142
2006-03-06,53911,4015
2006-03-07,52049,3883
2006-03-08,50153,3740
2006-03-09,48321,3618
2006-03-10,46522,3482
2006-03-11,44662,3341
2006-03-12,42823,3216
2006-03-13,40915,3059
2006-03-14,39061,2924
2006-03-15,72381,5597
2006-03-16,70487,5442
2006-03-17,68628,5298
2006-03-18,66772,5155
2006-03-19,64908,5007
2006-03-20,63025,4882
2006-03-21,61158,4741
2006-03-22,59281,4591
2006-03-23,57299,4429
2006-03-24,55412,4311
2006-03-25,53491,4162
2006-03-26,51566,4028
2006-03-27,49686,3883
2006-03-28,47850,3740
2006-03-29,45957,3601
2006-03-30,44053,3457
2006-03-31,42135,3317
2006-04-01,74918,5839
2006-04-02,73036,5692
2006-04-03,71221,5548
2006-04-04,69337,5391
2006-04-05,67475,5243
2006-04-06,65623,5114
2006-04-07,63745,4971
2006-04-08,61911,4810
2006-04-09,59996,4652
2006-04-10,58155,4492
2006-04-11,56292,4328
2006-04-12,54487,4185
2006-04-13,52641,4069
2006-04-14,50707,3915
2006-04-15,83373,6374
2006-04-16,81480,6220
2006-04-17,79613,6081
2006-04-18,77773,5927
2006-04-19,75924,5765
2006-04-20,74060,5613
2006-04-21,72154,5461
2006-04-22,70206,5315
2006-04-23,68306,5162
2006-04-24,66448,5026
2006-04-25,64631,4876
2006-04-26,62717,4725
2006-04-27,60798,4571
2006-04-28,58961,4413
2006-04-29,57127,4263
2006-04-30,55235,4094
2006-05-01,88218,6643
2006-05-02,86340,6475
2006-05-03,84467,6342
2006-05-04,82665,6193
2006-05-05,80843,6048
2006-05-06,78985,5906
2006-05-07,77106,5760
2006-05-08,75247,5615
2006-05-09,73401,5460
2006-05-10,71497,5331
2006-05-11,69647,5185
2006-05-12,67802,5040
2006-05-13,65918,4884
2006-05-14,64042,4767
2006-05-15,97006,7430
2006-05-16,95146,7274
2006-05-17,93274,7138
2006-05-18,91404,7014
2006-05-19,89567,6860
2006-05-20,87720,6716
2006-05-21,85870,6588
2006-05-22,84022,6455
2006-05-23,82142,6308
2006-05-24,80207,6160
2006-05-25,78297,6030
2006-05-26,76465,5885
2006-05-27,74540,5751
2006-05-28,72669,5610
2006-05-29,70790,5458
2006-05-30,68913,5307
2006-05-31,66963,5158
2006-06-01,99994,7714
2006-06-02,98075,7568
2006-06-03,96120,7423
2006-06-04,94285,7276
2006-06-05,92401,7148
2006-06-06,90559,6997
2006-06-07,88759,6855
2006-06-08,86934,6739
2006-06-09,85105,6608
2006-06-10,83239,6462
2006-06-11,81355,6330
2006-06-12,79578,6212
2006-06-13,77727,6065
2006-06-14,75888,5948
2006-06-15,109014,8510
2006-06-16,107182,8366
2006-06-17,105299,8225
2006-06-18,103414,8088
2006-06-19,101605,7935
2006-06-20,99727,7782
2006-06-21,97819,7650
2006-06-22,95992,7494
2006-06-23,94058,7349
2006-06-24,92142,7225
2006-06-25,90275,7071
2006-06-26,88398,6920
2006-06-27,86580,6768
2006-06-28,84700,6616
2006-06-29,82812,6478
2006-06-30,80878,6330
2006-07-01,113955,8788
2006-07-02,112092,8633
2006-07-03,110257,8491
2006-07-04,108479,8360
2006-07-05,106584,8200
2006-07-06,104616,8052
2006-07-07,102774,7924
2006-07-08,100935,7779
2006-07-09,99081,7616
2006-07-10,97310,7476
2006-07-11,95492,7335
2006-07-12,93610,7201
2006-07-13,91752,7059
2006-07-14,89819,6905
2006-07-15,122775,9535
2006-07-16,120878,9405
2006-07-17,119021,9254
2006-07-18,117228,9111
2006-07-19,115344,8958
2006-07-20,113443,8824
2006-07-21,111554,8668
2006-07-22,109654,8527
2006-07-23,107667,8387
2006-07-24,105807,8257
2006-07-25,103976,8117
2006-07-26,102166,7976
2006-07-27,100253,7817
2006-07-28,98375,7685
2006-07-29,96559,7533
2006-07-30,94739,7397
2006-07-31,92872,7211
2006-08-01,125928,9793
2006-08-02,124132,9657
2006-08-03,122322,9503
2006-08-04,120500,9358
2006-08-05,118619,9207
2006-08-06,116708,9079
2006-08-07,114900,8946
2006-08-08,113002,8819
2006-08-09,111137,8682
2006-08-10,109210,8527
2006-08-11,107323,8374
2006-08-12,105444,8226
2006-08-13,103627,8089
2006-08-14,101769,7936
2006-08-15,134859,10539
2006-08-16,133044,10386
2006-08-17,131143,10234
2006-08-18,129321,10102
2006-08-19,127471,9964
2006-08-20,125563,9831
2006-08-21,123651,9691
2006-08-22,121776,9534
2006-08-23,119933,9384
2006-08-24,118122,9222
2006-08-25,116286,9076
2006-08-26,114389,8940
2006-08-27,112519,8804
2006-08-28,110638,8656
2006-08-29,108732,8515
2006-08-30,106886,8362
2006-08-31,105031,8214
2006-09-01,138394,10824
2006-09-02,136501,10702
2006-09-03,134637,10555
2006-09-04,132776,10406
2006-09-05,130947,10259
2006-09-06,129079,10110
2006-09-07,127188,9981
2006-09-08,125333,9843
2006-09-09,123495,9695
2006-09-10,121640,9556
2006-09-11,119732,9405
2006-09-12,117828,9268
2006-09-13,115937,9133
2006-09-14,114042,8980
2006-09-15,147323,11534
2006-09-16,145463,11376
2006-09-17,143651,11240
2006-09-18,141773,11119
2006-09-19,139877,10981
2006-09-20,138063,10827
2006-09-21,136154,10707
2006-09-22,134331,10564
2006-09-23,132493,10422
2006-09-24,130694,10288
2006-09-25,128779,10136
2006-09-26,126853,9992
2006-09-27,125027,9858
2006-09-28,123126,9714
2006-09-29,121224,9580
2006-09-30,119367,9444
2006-10-01,152575,11908
2006-10-02,150677,11766
2006-10-03,148837,11622
2006-10-04,146917,11474
2006-10-05,145043,11334
2006-10-06,143200,11205
2006-10-07,141398,11050
2006-10-08,139513,10900
2006-10-09,137634,10752
2006-10-10,135765,10620
2006-10-11,133928,10475
2006-10-12,132135,10320
2006-10-13,130288,10166
2006-10-14,128419,10036
2006-10-15,161609,12559
2006-10-16,159691,12404
2006-10-17,157794,12251
2006-10-18,155899,12109
2006-10-19,154073,11972
2006-10-20,152149,11819
2006-10-21,150325,11652
2006-10-22,148431,11507
2006-10-23,146560,11367
2006-10-24,144747,11230
2006-10-25,142946,11077
2006-10-26,141062,10923
2006-10-27,139276,10776
2006-10-28,137319,10624
2006-10-29,135413,10484
2006-10-30,133510,10344
2006-10-31,131634,10190
2006-11-01,164669,12764
2006-11-02,162834,12637
2006-11-03,160984,12474
2006-11-04,159132,12318
2006-11-05,157384,12160
2006-11-06,155485,12008
2006-11-07,153625,11882
2006-11-08,151891,11750
2006-11-09,150077,11591
2006-11-10,148175,11443
2006-11-11,146457,11310
2006-11-12,144618,11176
2006-11-13,142799,11028
2006-11-14,140928,10880
2006-11-15,174057,13376
2006-11-16,172223,13226
2006-11-17,170369,13082
2006-11-18,168508,12927
2006-11-19,166671,12785
2006-11-20,164799,12636
2006-11-21,162942,12488
2006-11-22,161026,12341
2006-11-23,159194,12212
2006-11-24,157310,12071
2006-11-25,155398,11917
2006-11-26,153535,11781
2006-11-27,151660,11640
2006-11-28,149797,11496
2006-11-29,147922,11340
2006-11-30,146027,11196
2006-12-01,179032,13752
2006-12-02,177170,13613
2006-12-03,175319,13453
2006-12-04,173429,13312
2006-12-05,171534,13174
2006-12-06,169704,13040
2006-12-07,167734,12886
2006-12-08,165805,12734
2006-12-09,163941,12595
2006-12-10,162046,12458
2006-12-11,160159,12307
2006-12-12,158119,12161
2006-12-13,156199,12019
2006-12-14,154296,11858
2006-12-15,187485,14302
2006-12-16,185562,14153
2006-12-17,183688,14014
2006-12-18,181762,13867
2006-12-19,179944,13722
2006-12-20,178027,13569
2006-12-21,176185,13411
2006-12-22,174290,13288
2006-12-23,172427,13133
2006-12-24,170526,12991
2006-12-25,168640,12844
2006-12-26,166811,12703
2006-12-27,165005,12538
2006-12-28,163126,12398
2006-12-29,161231,12261
2006-12-30,159376,12120
2006-12-31,157459,11956
2007-01-01,190759,14451
2007-01-02,188852,14307
2007-01-03,186978,14160
2007-01-04,185142,14028
2007-01-05,183227,13898
2007-01-06,181362,13762
2007-01-07,179467,13638
2007-01-08,177612,13494
2007-01-09,175810,13346
2007-01-10,173936,13227
2007-01-11,171983,13097
2007-01-12,170090,12948
2007-01-13,168245,12806
2007-01-14,166378,12662
2007-01-15,199490,15224
2007-01-16,197648,15073
2007-01-17,195833,14931
2007-01-18,194047,14792
2007-01-19,192210,14665
2007-01-20,190327,14508
2007-01-21,188403,14375
2007-01-22,186555,14225
2007-01-23,184677,14073
2007-01-24,182903,13924
2007-01-25,181042,13794
2007-01-26,179158,13650
2007-01-27,177318,13501
2007-01-28,175510,13350
2007-01-29,173626,13203
2007-01-30,171777,13053
2007-01-31,169920,12899
2007-02-01,203349,15419
2007-02-02,201478,15268
2007-02-03,199606,15118
2007-02-04,197651,14957
2007-02-05,195831,14826
2007-02-06,193925,14676
2007-02-07,192048,14518
2007-02-08,190150,14393
2007-02-09,188289,14240
2007-02-10,186416,14108
2007-02-11,184669,13951
2007-02-12,182862,13773
2007-02-13,181060,13637
2007-02-14,179220,13486
2007-02-15,212304,16011
2007-02-16,210401,15880
2007-02-17,208570,15731
2007-02-18,206674,15605
2007-02-19,204849,15458
2007-02-20,203045,15316
2007-02-21,201135,15156
2007-02-22,199223,15014
2007-02-23,197423,14853
2007-02-24,195625,14734
2007-02-25,193767,14581
2007-02-26,191858,14418
2007-02-27,190006,14274
2007-02-28,188089,14137
2007-03-01,221472,16639
2007-03-02,219584,16510
2007-03-03,217717,16374
2007-03-04,215832,16241
2007-03-05,213980,16095
2007-03-06,212117,15935
2007-03-07,210260,15783
2007-03-08,208346,15652
2007-03-09,206450,15482
2007-03-10,204588,15344
2007-03-11,202754,15196
2007-03-12,200861,15058
2007-03-13,199000,14908
2007-03-14,197056,14759
2007-03-15,230275,17299
2007-03-16,228420,17134
2007-03-17,226565,16996
2007-03-18,224668,16843
2007-03-19,222872,16695
2007-03-20,221069,16566
2007-03-21,219155,16415
2007-03-22,217379,16274
2007-03-23,215545,16131
2007-03-24,213630,15987
2007-03-25,211714,15819
2007-03-26,209833,15693
2007-03-27,207980,15567
2007-03-28,206122,15434
2007-03-29,204210,15296
2007-03-30,202389,15164
2007-03-31,200542,15010
2007-04-01,233825,17486
2007-04-02,231948,17339
2007-04-03,230049,17199
2007-04-04,228174,17059
2007-04-05,226291,16929
2007-04-06,224436,16816
2007-04-07,222499,16685
2007-04-08,220664,16528
2007-04-09,218881,16382
2007-04-10,216952,16240
2007-04-11,215057,16096
2007-04-12,213152,15935
2007-04-13,211207,15798
2007-04-14,209337,15653
2007-04-15,242318,18213
2007-04-16,240423,18073
2007-04-17,238524,17938
2007-04-18,236693,17812
2007-04-19,234857,17671
2007-04-20,232949,17521
2007-04-21,231072,17378
2007-04-22,229204,17227
2007-04-23,227331,17080
2007-04-24,225420,16932
2007-04-25,223598,16797
2007-04-26,221659,16647
2007-04-27,219721,16510
2007-04-28,217789,16370
2007-04-29,215965,16217
2007-04-30,214165,16064
2007-05-01,246980,18609
2007-05-02,245123,18466
2007-05-03,243190,18309
2007-05-04,241332,18184
2007-05-05,239477,18027
2007-05-06,237590,17876
2007-05-07,235787,17739
2007-05-08,233974,17594
2007-05-09,232105,17460
2007-05-10,230260,17313
2007-05-11,228339,17185
2007-05-12,226531,17042
2007-05-13,224640,16883
2007-05-14,222707,16752
2007-05-15,255799,19331
2007-05-16,253895,19175
2007-05-17,252023,19042
2007-05-18,250190,18919
2007-05-19,248374,18775
2007-05-20,246469,18642
2007-05-21,244609,18521
2007-05-22,242708,18385
2007-05-23,240839,18248
2007-05-24,239003,18072
2007-05-25,237136,17941
2007-05-26,235293,17785
2007-05-27,233420,17655
2007-05-28,231565,17506
2007-05-29,229660,17381
2007-05-30,227838,17230
2007-05-31,225954,17070
2007-06-01,259034,19639
2007-06-02,257169,19481
2007-06-03,255270,19340
2007-06-04,253342,19196
2007-06-05,251406,19040
2007-06-06,249552,18905
2007-06-07,247686,18776
2007-06-08,245766,18620
2007-06-09,243975,18451
2007-06-10,242121,18286
2007-06-11,240275,18154
2007-06-12,238312,18016
2007-06-13,236427,17858
2007-06-14,234502,17690
2007-06-15,267838,20313
2007-06-16,265986,20173
2007-06-17,264131,20039
2007-06-18,262299,19896
2007-06-19,260400,19762
2007-06-20,258529,19635
2007-06-21,256709,19494
2007-06-22,254832,19369
2007-06-23,253013,19245
2007-06-24,251122,19100
2007-06-25,249264,18979
2007-06-26,247437,18820
2007-06-27,245644,18688
2007-06-28,243838,18551
2007-06-29,241961,18411
2007-06-30,240013,18259
2007-07-01,273026,20851
2007-07-02,271229,20724
2007-07-03,269430,20591
2007-07-04,267575,20461
2007-07-05,265677,20321
2007-07-06,263769,20189
2007-07-07,261878,20064
2007-07-08,260043,19906
2007-07-09,258155,19775
2007-07-10,256275,19638
2007-07-11,254382,19497
2007-07-12,252578,19359
2007-07-13,250668,19218
2007-07-14,248793,19092
2007-07-15,282362,21761
2007-07-16,280556,21631
2007-07-17,278654,21489
2007-07-18,276735,21342
2007-07-19,274869,21216
2007-07-20,273064,21087
2007-07-21,271154,20956
2007-07-22,269242,20790
2007-07-23,267323,20646
2007-07-24,265449,20504
2007-07-25,263548,20344
2007-07-26,261612,20212
2007-07-27,259676,20061
2007-07-28,257834,19940
2007-07-29,255957,19812
2007-07-30,254123,19660
2007-07-31,252220,19510
2007-08-01,285380,21978
2007-08-02,283551,21829
2007-08-03,281662,21690
2007-08-04,279749,21562
2007-08-05,277892,21434
2007-08-06,276031,21312
2007-08-07,274250,21174
2007-08-08,272536,21043
2007-08-09,270698,20892
2007-08-10,268872,20742
2007-08-11,267021,20601
2007-08-12,265213,20457
2007-08-13,263373,20321
2007-08-14,261485,20183
2007-08-15,294700,22693
2007-08-16,292895,22539
2007-08-17,290986,22395
2007-08-18,289083,22249
2007-08-19,287208,22098
2007-08-20,285391,21947
2007-08-21,283472,21809
2007-08-22,281620,21654
2007-08-23,279743,21486
2007-08-24,277868,21315
2007-08-25,275937,21175
2007-08-26,274040,21042
2007-08-27,272180,20913
2007-08-28,270313,20747
2007-08-29,268450,20604
2007-08-30,266628,20451
2007-08-31,264681,20290
2007-09-01,298124,22826
2007-09-02,296231,22680
2007-09-03,294422,22531
2007-09-04,292522,22400
2007-09-05,290675,22249
2007-09-06,288788,22115
2007-09-07,286929,21975
2007-09-08,285041,21838
2007-09-09,283202,21675
2007-09-10,281302,21523
2007-09-11,279473,21386
2007-09-12,277606,21249
2007-09-13,275719,21116
2007-09-14,273842,20994
2007-09-15,306975,23504
2007-09-16,305058,23367
2007-09-17,303188,23221
2007-09-18,301223,23067
2007-09-19,299326,22916
2007-09-20,297358,22779
2007-09-21,295448,22628
2007-09-22,293500,22482
2007-09-23,291633,22323
2007-09-24,289783,22189
2007-09-25,287906,22047
2007-09-26,286084,21901
2007-09-27,284265,21779
2007-09-28,282465,21651
2007-09-29,280669,21524
2007-09-30,278788,21395
2007-10-01,312129,23974
2007-10-02,310290,23823
2007-10-03,308456,23656
2007-10-04,306619,23507
2007-10-05,304749,23365
2007-10-06,302901,23214
2007-10-07,301049,23054
2007-10-08,299085,22939
2007-10-09,297199,22808
2007-10-10,295363,22667
2007-10-11,293540,22536
2007-10-12,291664,22386
2007-10-13,289787,22260
2007-10-14,288014,22122
2007-10-15,321359,24746
2007-10-16,319460,24622
2007-10-17,317590,24506
2007-10-18,315679,24350
2007-10-19,313788,24215
2007-10-20,311963,24074
2007-10-21,310115,23917
2007-10-22,308251,23766
2007-10-23,306293,23653
2007-10-24,304413,23486
2007-10-25,302604,23335
2007-10-26,300784,23202
2007-10-27,298936,23071
2007-10-28,297047,22910
2007-10-29,295178,22774
2007-10-30,293348,22633
2007-10-31,291395,22495
2007-11-01,324557,24997
2007-11-02,322739,24849
2007-11-03,320823,24701
2007-11-04,318913,24546
2007-11-05,317028,24380
2007-11-06,315171,24220
2007-11-07,313281,24072
2007-11-08,311442,23943
2007-11-09,309568,23800
2007-11-10,307767,23657
2007-11-11,305916,23516
2007-11-12,304010,23358
2007-11-13,302177,23215
2007-11-14,300207,23059
2007-11-15,333361,25675
2007-11-16,331505,25528
2007-11-17,329570,25394
2007-11-18,327717,25250
2007-11-19,325801,25125
2007-11-20,323923,24982
2007-11-21,322069,24845
2007-11-22,320126,24691
2007-11-23,318279,24553
2007-11-24,316408,24395
2007-11-25,314650,24260
2007-11-26,312816,24116
2007-11-27,310998,23977
2007-11-28,309142,23837
2007-11-29,307248,23690
2007-11-30,305403,23549
2007-12-01,338530,26107
2007-12-02,336602,25961
2007-12-03,334800,25812
2007-12-04,332909,25664
2007-12-05,330984,25533
2007-12-06,329086,25411
2007-12-07,327290,25257
2007-12-08,325428,25117
2007-12-09,323490,24972
2007-12-10,321607,24839
2007-12-11,319764,24690
2007-12-12,317939,24565
2007-12-13,316087,24445
2007-12-14,314224,24303
2007-12-15,347567,26922
2007-12-16,345703,26786
2007-12-17,343773,26654
2007-12-18,341937,26509
2007-12-19,340041,26372
2007-12-20,338229,26232
2007-12-21,336442,26078
2007-12-22,334627,25895
2007-12-23,332715,25742
2007-12-24,330842,25601
2007-12-25,329006,25466
2007-12-26,327193,25328
2007-12-27,325371,25178
2007-12-28,323455,25044
2007-12-29,321525,24903
2007-12-30,319695,24781
2007-12-31,317826,24636
2008-01-01,351479,27237
2008-01-02,349628,27091
2008-01-03,347756,26942
2008-01-04,345933,26801
2008-01-05,344097,26682
2008-01-06,342211,26553
2008-01-07,340286,26390
2008-01-08,338317,26266
2008-01-09,336430,26133
2008-01-10,334489,26005
2008-01-11,332631,25868
2008-01-12,330766,25721
2008-01-13,328885,25603
2008-01-14,327053,25421
2008-01-15,360100,27962
2008-01-16,358172,27809
2008-01-17,356268,27646
2008-01-18,354442,27497
2008-01-19,352645,27350
2008-01-20,350754,27208
2008-01-21,348847,27066
2008-01-22,346977,26924
2008-01-23,345133,26799
2008-01-24,343260,26667
2008-01-25,341383,26522
2008-01-26,339515,26392
2008-01-27,337712,26245
2008-01-28,335849,26119
2008-01-29,333997,25968
2008-01-30,332114,25827
2008-01-31,330266,25663
2008-02-01,363570,28193
2008-02-02,361734,28054
2008-02-03,359872,27907
2008-02-04,357971,27760
2008-02-05,356097,27625
2008-02-06,354161,27468
2008-02-07,352247,27331
2008-02-08,350360,27181
2008-02-09,348539,27057
2008-02-10,346692,26902
2008-02-11,344848,26745
2008-02-12,343001,26603
2008-02-13,341069,26461
2008-02-14,339182,26322
2008-02-15,372684,28822
2008-02-16,370839,28658
2008-02-17,368948,28512
2008-02-18,367115,28341
2008-02-19,365229,28210
2008-02-20,363257,28081
2008-02-21,361413,27947
2008-02-22,359443,27798
2008-02-23,357544,27671
2008-02-24,355634,27506
2008-02-25,353755,27356
2008-02-26,351885,27229
2008-02-27,350017,27087
2008-02-28,348232,26948
2008-02-29,346265,26807
2008-03-01,379465,29358
2008-03-02,377567,29221
2008-03-03,375723,29088
2008-03-04,373860,28953
2008-03-05,371991,28810
2008-03-06,370135,28652
2008-03-07,368293,28506
2008-03-08,366383,28358
2008-03-09,364510,28216
2008-03-10,362666,28073
2008-03-11,360803,27925
2008-03-12,358885,27766
2008-03-13,357029,27615
2008-03-14,355121,27478
2008-03-15,388162,30040
2008-03-16,386311,29909
2008-03-17,384410,29762
2008-03-18,382555,29611
2008-03-19,380656,29459
2008-03-20,378805,29318
2008-03-21,376976,29175
2008-03-22,375135,29021
2008-03-23,373283,28870
2008-03-24,371360,28716
2008-03-25,369418,28555
2008-03-26,367432,28418
2008-03-27,365594,28291
2008-03-28,363815,28139
2008-03-29,361872,28000
2008-03-30,360081,27839
2008-03-31,358192,27690
2008-04-01,391212,30272
2008-04-02,389328,30124
2008-04-03,387425,29964
2008-04-04,385549,29821
2008-04-05,383737,29673
2008-04-06,381864,29558
2008-04-07,380091,29399
2008-04-08,378260,29272
2008-04-09,376466,29133
2008-04-10,374641,29001
2008-04-11,372804,28862
2008-04-12,370903,28728
2008-04-13,369069,28570
2008-04-14,367236,28424
2008-04-15,400284,30931
2008-04-16,398476,30793
2008-04-17,396532,30650
2008-04-18,394588,30508
2008-04-19,392761,30354
2008-04-20,390950,30203
2008-04-21,389030,30054
2008-04-22,387245,29918
2008-04-23,385358,29748
2008-04-24,383546,29593
2008-04-25,381677,29447
2008-04-26,379858,29307
2008-04-27,378036,29161
2008-04-28,376126,29033
2008-04-29,374248,28874
2008-04-30,372336,28718
2008-05-01,405220,31257
2008-05-02,403355,31123
2008-05-03,401502,30988
2008-05-04,399617,30838
2008-05-05,397707,30706
2008-05-06,395780,30549
2008-05-07,393934,30399
2008-05-08,392161,30253
2008-05-09,390272,30101
2008-05-10,388412,29971
2008-05-11,386513,29825
2008-05-12,384692,29686
2008-05-13,382818,29523
2008-05-14,380988,29380
2008-05-15,414004,31968
2008-05-16,412103,31832
2008-05-17,410188,31701
2008-05-18,408424,31559
2008-05-19,406590,31417
2008-05-20,404675,31245
2008-05-21,402756,31087
2008-05-22,400871,30965
2008-05-23,398978,30811
2008-05-24,397115,30669
2008-05-25,395331,30519
2008-05-26,393423,30368
2008-05-27,391575,30211
2008-05-28,389764,30089
2008-05-29,387948,29944
2008-05-30,386015,29810
2008-05-31,384108,29660
2008-06-01,416908,32240
2008-06-02,415104,32091
2008-06-03,413281,31946
2008-06-04,411393,31812
2008-06-05,409508,31684
2008-06-06,407601,31548
2008-06-07,405705,31389
2008-06-08,403836,31268
2008-06-09,401951,31137
2008-06-10,400119,30967
2008-06-11,398259,30837
2008-06-12,396347,30703
2008-06-13,394481,30566
2008-06-14,392589,30406
2008-06-15,425610,32999
2008-06-16,423730,32854
2008-06-17,421847,32726
2008-06-18,419949,32576
2008-06-19,418070,32441
2008-06-20,416247,32293
2008-06-21,414362,32162
2008-06-22,412497,32011
2008-06-23,410599,31857
2008-06-24,408716,31729
2008-06-25,406812,31599
2008-06-26,404890,31460
2008-06-27,403052,31288
2008-06-28,401212,31154
2008-06-29,399252,30997
2008-06-30,397356,30869
2008-07-01,430388,33483
2008-07-02,428482,33327
2008-07-03,426559,33168
2008-07-04,424715,33042
2008-07-05,422882,32904
2008-07-06,421087,32752
2008-07-07,419155,32612
2008-07-08,417264,32479
2008-07-09,415367,32349
2008-07-10,413567,32194
2008-07-11,411773,32061
2008-07-12,409889,31948
2008-07-13,407993,31819
2008-07-14,406108,31676
2008-07-15,439310,34210
2008-07-16,437391,34057
2008-07-17,435496,33899
2008-07-18,433633,33771
2008-07-19,431715,33639
2008-07-20,429832,33507
2008-07-21,427928,33360
2008-07-22,426026,33240
2008-07-23,424101,33087
2008-07-24,422206,32955
2008-07-25,420338,32794
2008-07-26,418436,32660
2008-07-27,416496,32529
2008-07-28,414633,32390
2008-07-29,412829,32237
2008-07-30,410911,32087
2008-07-31,408982,31942
2008-08-01,441970,34481
2008-08-02,440123,34336
2008-08-03,438308,34207
2008-08-04,436425,34072
2008-08-05,434537,33948
2008-08-06,432581,33801
2008-08-07,430737,33658
2008-08-08,428898,33523
2008-08-09,426984,33379
2008-08-10,425108,33225
2008-08-11,423252,33099
2008-08-12,421372,32959
2008-08-13,419488,32834
2008-08-14,417633,32710
2008-08-15,451054,35237
2008-08-16,449159,35076
2008-08-17,447300,34905
2008-08-18,445431,34740
2008-08-19,443483,34584
2008-08-20,441658,34453
2008-08-21,439783,34316
2008-08-22,437904,34179
2008-08-23,435957,34039
2008-08-24,434074,33881
2008-08-25,432196,33726
2008-08-26,430270,33590
2008-08-27,428419,33459
2008-08-28,426551,33304
2008-08-29,424726,33193
2008-08-30,422903,33066
2008-08-31,421051,32912
2008-09-01,454029,35471
2008-09-02,452254,35324
2008-09-03,450388,35193
2008-09-04,448518,35054
2008-09-05,446603,34918
2008-09-06,444779,34761
2008-09-07,442915,34626
2008-09-08,441112,34479
2008-09-09,439235,34323
2008-09-10,437292,34182
2008-09-11,435426,34055
2008-09-12,433579,33912
2008-09-13,431667,33777
2008-09-14,429784,33632
2008-09-15,463007,36264
2008-09-16,461099,36129
2008-09-17,459240,35990
2008-09-18,457280,35844
2008-09-19,455403,35702
2008-09-20,453531,35553
2008-09-21,451685,35397
2008-09-22,449802,35261
2008-09-23,447922,35107
2008-09-24,446014,34980
2008-09-25,444150,34838
2008-09-26,442213,34707
2008-09-27,440359,34565
2008-09-28,438468,34447
2008-09-29,436593,34279
2008-09-30,434729,34139
2008-10-01,467547,36794
2008-10-02,465690,36660
2008-10-03,463768,36523
2008-10-04,461901,36357
2008-10-05,460050,36188
2008-10-06,458254,36064
2008-10-07,456419,35911
2008-10-08,454528,35766
2008-10-09,452594,35635
2008-10-10,450723,35522
2008-10-11,448826,35383
2008-10-12,447016,35234
2008-10-13,445085,35093
2008-10-14,443181,34958
2008-10-15,476384,37550
2008-10-16,474533,37391
2008-10-17,472654,37253
2008-10-18,470720,37099
2008-10-19,468842,36971
2008-10-20,466910,36837
2008-10-21,465024,36704
2008-10-22,463166,36571
2008-10-23,461311,36438
2008-10-24,459417,36309
2008-10-25,457582,36175
2008-10-26,455782,36048
2008-10-27,453868,35918
2008-10-28,452000,35770
2008-10-29,450141,35617
2008-10-30,448268,35477
2008-10-31,446392,35356
2008-11-01,479607,37904
2008-11-02,477685,37769
2008-11-03,475773,37633
2008-11-04,473879,37484
2008-11-05,471975,37341
2008-11-06,470116,37194
2008-11-07,468229,37060
2008-11-08,466379,36926
2008-11-09,464442,36795
2008-11-10,462624,36661
2008-11-11,460869,36503
2008-11-12,458911,36353
2008-11-13,457063,36207
2008-11-14,455138,36077
2008-11-15,488087,38665
2008-11-16,486224,38517
2008-11-17,484383,38375
2008-11-18,482528,38251
2008-11-19,480676,38110
2008-11-20,478831,37971
2008-11-21,476959,37813
2008-11-22,475061,37682
2008-11-23,473256,37537
2008-11-24,471328,37387
2008-11-25,469430,37265
2008-11-26,467595,37110
2008-11-27,465686,36975
2008-11-28,463753,36822
2008-11-29,461929,36658
2008-11-30,460046,36527
2008-12-01,492969,39068
2008-12-02,491137,38923
2008-12-03,489321,38789
2008-12-04,487436,38645
2008-12-05,485581,38519
2008-12-06,483688,38374
2008-12-07,481812,38215
2008-12-08,479981,38068
2008-12-09,478165,37914
2008-12-10,476337,37760
2008-12-11,474446,37605
2008-12-12,472613,37455
2008-12-13,470694,37342
2008-12-14,468795,37191
2008-12-15,501903,39852
2008-12-16,500055,39717
2008-12-17,498243,39568
2008-12-18,496351,39431
2008-12-19,494416,39292
2008-12-20,492623,39127
2008-12-21,490778,38990
2008-12-22,488901,38853
2008-12-23,487017,38702
2008-12-24,485067,38553
2008-12-25,483174,38424
2008-12-26,481296,38298
2008-12-27,479429,38159
2008-12-28,477559,38008
2008-12-29,475640,37865
2008-12-30,473815,37726
2008-12-31,472009,37566
2009-01-01,505073,40166
2009-01-02,503199,40010
2009-01-03,501372,39892
2009-01-04,499456,39754
2009-01-05,497597,39596
2009-01-06,495696,39457
2009-01-07,493826,39315
2009-01-08,491967,39159
2009-01-09,490133,39011
2009-01-10,488264,38884
2009-01-11,486361,38756
2009-01-12,484516,38601
2009-01-13,482670,38484
2009-01-14,480860,38338
2009-01-15,514158,40863
2009-01-16,512348,40728
2009-01-17,510532,40604
2009-01-18,508667,40462
2009-01-19,506850,40315
2009-01-20,504998,40177
2009-01-21,503114,40032
2009-01-22,501227,39887
2009-01-23,499351,39762
2009-01-24,497437,39581
2009-01-25,495630,39448
2009-01-26,493733,39303
2009-01-27,491907,39163
2009-01-28,490080,39026
2009-01-29,488118,38889
2009-01-30,486359,38740
2009-01-31,484460,38593
2009-02-01,517731,41194
2009-02-02,515811,41052
2009-02-03,513933,40921
2009-02-04,512013,40764
2009-02-05,510109,40623
2009-02-06,508328,40482
2009-02-07,506511,40330
2009-02-08,504641,40156
2009-02-09,502762,40025
2009-02-10,500888,39863
2009-02-11,499036,39722
2009-02-12,497125,39583
2009-02-13,495277,39429
2009-02-14,493398,39297
2009-02-15,526666,41807
2009-02-16,524809,41665
2009-02-17,522933,41519
2009-02-18,521081,41386
2009-02-19,519239,41234
2009-02-20,517352,41099
2009-02-21,515486,40979
2009-02-22,513581,40818
2009-02-23,511656,40690
2009-02-24,509769,40540
2009-02-25,507878,40390
2009-02-26,506086,40253
2009-02-27,504224,40128
2009-02-28,502340,39975
2009-03-01,535500,42586
2009-03-02,533693,42453
2009-03-03,531812,42322
2009-03-04,529977,42175
2009-03-05,528034,42011
2009-03-06,526096,41857
2009-03-07,524274,41737
2009-03-08,522353,41595
2009-03-09,520522,41439
2009-03-10,518647,41306
2009-03-11,516812,41157
2009-03-12,514964,41006
2009-03-13,513169,40860
2009-03-14,511328,40736
2009-03-15,544359,43274
2009-03-16,542530,43144
2009-03-17,540641,43017
2009-03-18,538706,42872
2009-03-19,536885,42715
2009-03-20,535077,42591
2009-03-21,533241,42420
2009-03-22,531432,42277
2009-03-23,529559,42114
2009-03-24,527700,41962
2009-03-25,525862,41820
2009-03-26,523980,41676
2009-03-27,522148,41536
2009-03-28,520222,41396
2009-03-29,518339,41246
2009-03-30,516507,41097
2009-03-31,514671,40945
2009-04-01,547865,43432
2009-04-02,545924,43293
2009-04-03,544005,43153
2009-04-04,542099,42995
2009-04-05,540189,42847
2009-04-06,538354,42690
2009-04-07,536478,42543
2009-04-08,534539,42407
2009-04-09,532591,42255
2009-04-10,530762,42109
2009-04-11,528855,41953
2009-04-12,526987,41817
2009-04-13,525151,41686
2009-04-14,523282,41551
2009-04-15,556446,44207
2009-04-16,554643,44078
2009-04-17,552792,43925
2009-04-18,550952,43756
2009-04-19,549007,43598
2009-04-20,547130,43447
2009-04-21,545317,43292
2009-04-22,543407,43139
2009-04-23,541555,43004
2009-04-24,539743,42846
2009-04-25,537868,42706
2009-04-26,535985,42544
2009-04-27,534154,42411
2009-04-28,532290,42254
2009-04-29,530439,42104
2009-04-30,528524,41931
2009-05-01,561522,44477
2009-05-02,559645,44339
2009-05-03,557758,44190
2009-05-04,555889,44040
2009-05-05,554045,43910
2009-05-06,552169,43743
2009-05-07,550213,43580
2009-05-08,548394,43444
2009-05-09,546502,43306
2009-05-10,544587,43156
2009-05-11,542706,43015
2009-05-12,540681,42857
2009-05-13,538877,42718
2009-05-14,537017,42587
2009-05-15,569965,45204
2009-05-16,568122,45066
2009-05-17,566302,44930
2009-05-18,564422,44800
2009-05-19,562576,44660
2009-05-20,560720,44523
2009-05-21,558809,44374
2009-05-22,556922,44227
2009-05-23,555065,44096
2009-05-24,553216,43968
2009-05-25,551382,43813
2009-05-26,549547,43680
2009-05-27,547708,43540
2009-05-28,545933,43410
2009-05-29,544028,43257
2009-05-30,542111,43132
2009-05-31,540220,42974
2009-06-01,573061,45495
2009-06-02,571186,45356
2009-06-03,569233,45219
2009-06-04,567299,45091
2009-06-05,565456,44931
2009-06-06,563618,44779
2009-06-07,561723,44644
2009-06-08,559888,44513
2009-06-09,558043,44370
2009-06-10,556158,44241
2009-06-11,554269,44101
2009-06-12,552361,43965
2009-06-13,550499,43799
2009-06-14,548609,43647
2009-06-15,581804,46059
2009-06-16,579940,45917
2009-06-17,578101,45762
2009-06-18,576211,45628
2009-06-19,574299,45500
2009-06-20,572508,45355
2009-06-21,570672,45226
2009-06-22,568827,45073
2009-06-23,566998,44918
2009-06-24,565108,44768
2009-06-25,563200,44616
2009-06-26,561387,44484
2009-06-27,559564,44336
2009-06-28,557677,44196
2009-06-29,555775,44051
2009-06-30,553851,43901
2009-07-01,586990,46427
2009-07-02,585047,46275
2009-07-03,583184,46116
2009-07-04,581315,45985
2009-07-05,579448,45860
2009-07-06,577589,45738
2009-07-07,575726,45584
2009-07-08,573849,45433
2009-07-09,571950,45294
2009-07-10,570126,45124
2009-07-11,568198,44983
2009-07-12,566371,44844
2009-07-13,564461,44696
2009-07-14,562605,44536
2009-07-15,595667,47007
2009-07-16,593832,46872
2009-07-17,591989,46737
2009-07-18,590099,46579
2009-07-19,588263,46426
2009-07-20,586406,46289
2009-07-21,584469,46155
2009-07-22,582680,46019
2009-07-23,580818,45865
2009-07-24,578957,45709
2009-07-25,577130,45576
2009-07-26,575318,45443
2009-07-27,573545,45303
2009-07-28,571668,45162
2009-07-29,569795,45020
2009-07-30,567831,44875
2009-07-31,565977,44687
2009-08-01,599425,47169
2009-08-02,597636,47026
2009-08-03,595735,46886
2009-08-04,593883,46738
2009-08-05,591983,46565
2009-08-06,590086,46418
2009-08-07,588223,46274
2009-08-08,586364,46116
2009-08-09,584457,45953
2009-08-10,582595,45814
2009-08-11,580695,45655
2009-08-12,578817,45518
2009-08-13,576927,45360
2009-08-14,574963,45205
2009-08-15,607929,47753
2009-08-16,606069,47605
2009-08-17,604162,47446
2009-08-18,602238,47306
2009-08-19,600399,47136
2009-08-20,598538,46986
2009-08-21,596670,46851
2009-08-22,594793,46703
2009-08-23,592886,46566
2009-08-24,591048,46426
2009-08-25,589199,46297
2009-08-26,587298,46144
2009-08-27,585378,45995
2009-08-28,583532,45859
2009-08-29,581650,45703
2009-08-30,579855,45567
2009-08-31,577939,45416
2009-09-01,611505,47969
2009-09-02,609707,47818
2009-09-03,607865,47682
2009-09-04,605979,47525
2009-09-05,604112,47397
2009-09-06,602300,47254
2009-09-07,600465,47123
2009-09-08,598571,46968
2009-09-09,596645,46831
2009-09-10,594785,46704
2009-09-11,592851,46562
2009-09-12,590986,46412
2009-09-13,589136,46273
2009-09-14,587273,46135
2009-09-15,620180,48732
2009-09-16,618324,48586
2009-09-17,616416,48445
2009-09-18,614558,48315
2009-09-19,612713,48171
2009-09-20,610801,48038
2009-09-21,608922,47887
2009-09-22,607070,47753
2009-09-23,605090,47597
2009-09-24,603216,47439
2009-09-25,601359,47312
2009-09-26,599529,47170
2009-09-27,597678,47037
2009-09-28,595772,46916
2009-09-29,593895,46769
2009-09-30,592063,46623
2009-10-01,625004,49139
2009-10-02,623103,48976
2009-10-03,621160,48843
2009-10-04,619416,48722
2009-10-05,617402,48595
2009-10-06,615494,48441
2009-10-07,613628,48292
2009-10-08,611700,48140
2009-10-09,609769,47996
2009-10-10,607906,47835
2009-10-11,606033,47701
2009-10-12,604132,47571
2009-10-13,602278,47433
2009-10-14,600376,47293
2009-10-15,633376,49808
2009-10-16,631495,49663
2009-10-17,629667,49538
2009-10-18,627820,49408
2009-10-19,625908,49260
2009-10-20,624072,49121
2009-10-21,622141,48978
2009-10-22,620296,48846
2009-10-23,618393,48689
2009-10-24,616586,48518
2009-10-25,614747,48366
2009-10-26,612979,48212
2009-10-27,611066,48058
2009-10-28,609164,47910
2009-10-29,607262,47759
2009-10-30,605378,47604
2009-10-31,603516,47459
2009-11-01,636800,50062
2009-11-02,634931,49914
2009-11-03,633031,49783
2009-11-04,631126,49643
2009-11-05,629260,49494
2009-11-06,627414,49344
2009-11-07,625582,49191
2009-11-08,623710,49053
2009-11-09,621829,48920
2009-11-10,619994,48796
2009-11-11,618050,48667
2009-11-12,616197,48534
2009-11-13,614346,48379
2009-11-14,612545,48246
2009-11-15,645288,50840
2009-11-16,643456,50705
2009-11-17,641512,50556
2009-11-18,639642,50406
2009-11-19,637796,50259
2009-11-20,635938,50118
2009-11-21,634084,49989
2009-11-22,632264,49851
2009-11-23,630422,49713
2009-11-24,628525,49590
2009-11-25,626691,49456
2009-11-26,624827,49334
2009-11-27,622917,49197
2009-11-28,621071,49062
2009-11-29,619174,48891
2009-11-30,617375,48732
2009-12-01,650403,51259
2009-12-02,648468,51113
2009-12-03,646548,50980
2009-12-04,644690,50839
2009-12-05,642866,50700
2009-12-06,640978,50570
2009-12-07,639115,50432
2009-12-08,637293,50279
2009-12-09,635345,50148
2009-12-10,633485,50014
2009-12-11,631594,49878
2009-12-12,629731,49729
2009-12-13,627888,49594
2009-12-14,626114,49426
2009-12-15,659306,52021
2009-12-16,657472,51893
2009-12-17,655605,51742
2009-12-18,653694,51590
2009-12-19,651940,51433
2009-12-20,650019,51276
2009-12-21,648086,51129
2009-12-22,646235,50997
2009-12-23,644315,50846
2009-12-24,642365,50718
2009-12-25,640443,50562
2009-12-26,638551,50414
2009-12-27,636688,50272
2009-12-28,634797,50136
2009-12-29,632927,49988
2009-12-30,631012,49843
2009-12-31,629134,49664
2010-01-01,662356,52088
2010-01-02,660526,51944
2010-01-03,658688,51789
2010-01-04,656799,51645
2010-01-05,654853,51502
2010-01-06,652919,51362
2010-01-07,651096,51224
2010-01-08,649165,51073
2010-01-09,647367,50920
2010-01-10,645538,50752
2010-01-11,643671,50605
2010-01-12,641836,50451
2010-01-13,639918,50286
2010-01-14,638075,50141
2010-01-15,671326,52690
2010-01-16,669446,52555
2010-01-17,667586,52391
2010-01-18,665648,52240
2010-01-19,663711,52104
2010-01-20,661887,51972
2010-01-21,660073,51839
2010-01-22,658231,51680
2010-01-23,656292,51548
2010-01-24,654486,51396
2010-01-25,652581,51240
2010-01-26,650754,51101
2010-01-27,648973,50961
2010-01-28,647103,50809
2010-01-29,645221,50679
2010-01-30,643281,50534
2010-01-31,641409,50392
2010-02-01,674284,52971
2010-02-02,672404,52849
2010-02-03,670515,52691
2010-02-04,668661,52527
2010-02-05,666727,52382
2010-02-06,664833,52220
2010-02-07,662935,52075
2010-02-08,661034,51929
2010-02-09,659218,51792
2010-02-10,657361,51640
2010-02-11,655474,51494
2010-02-12,653619,51351
2010-02-13,651829,51195
2010-02-14,649987,51048
2010-02-15,683253,53633
2010-02-16,681346,53487
2010-02-17,679519,53349
2010-02-18,677627,53227
2010-02-19,675764,53073
2010-02-20,673856,52939
2010-02-21,672016,52811
2010-02-22,670158,52650
2010-02-23,668258,52502
2010-02-24,666366,52362
2010-02-25,664475,52218
2010-02-26,662614,52068
2010-02-27,660749,51942
2010-02-28,658885,51784
2010-03-01,692180,54319
2010-03-02,690248,54171
2010-03-03,688362,54046
2010-03-04,686585,53874
2010-03-05,684693,53744
2010-03-06,682712,53599
2010-03-07,680782,53455
2010-03-08,678876,53303
2010-03-09,677042,53166
2010-03-10,675141,53040
2010-03-11,673234,52875
2010-03-12,671413,52719
2010-03-13,669565,52606
2010-03-14,667748,52451
2010-03-15,700877,54973
2010-03-16,698976,54821
2010-03-17,697142,54668
2010-03-18,695282,54538
2010-03-19,693465,54392
2010-03-20,691652,54261
2010-03-21,689855,54108
2010-03-22,687989,53963
2010-03-23,686046,53813
2010-03-24,684116,53669
2010-03-25,682252,53539
2010-03-26,680375,53408
2010-03-27,678474,53255
2010-03-28,676577,53108
2010-03-29,674740,52950
2010-03-30,672915,52800
2010-03-31,671031,52643
2010-04-01,704320,55159
2010-04-02,702421,55009
2010-04-03,700573,54874
2010-04-04,698715,54727
2010-04-05,696881,54566
2010-04-06,695057,54425
2010-04-07,693156,54282
2010-04-08,691239,54149
2010-04-09,689360,54015
2010-04-10,687516,53872
2010-04-11,685677,53722
2010-04-12,683767,53567
2010-04-13,681904,53415
2010-04-14,680057,53267
2010-04-15,713149,55774
2010-04-16,711338,55634
2010-04-17,709411,55491
2010-04-18,707512,55357
2010-04-19,705668,55227
2010-04-20,703748,55079
2010-04-21,701862,54933
2010-04-22,699978,54786
2010-04-23,698126,54646
2010-04-24,696210,54505
2010-04-25,694301,54364
2010-04-26,692499,54211
2010-04-27,690621,54086
2010-04-28,688769,53948
2010-04-29,686978,53808
2010-04-30,685093,53657
2010-05-01,718374,56182
2010-05-02,716490,56044
2010-05-03,714572,55908
2010-05-04,712677,55773
2010-05-05,710816,55639
2010-05-06,708909,55504
2010-05-07,707059,55357
2010-05-08,705176,55207
2010-05-09,703264,55059
2010-05-10,701460,54924
2010-05-11,699635,54769
2010-05-12,697792,54619
2010-05-13,695939,54477
2010-05-14,694063,54356
2010-05-15,726947,56963
2010-05-16,725125,56808
2010-05-17,723308,56682
2010-05-18,721451,56530
2010-05-19,719654,56396
2010-05-20,717853,56252
2010-05-21,715956,56102
2010-05-22,714101,55945
2010-05-23,712269,55791
2010-05-24,710406,55647
2010-05-25,708516,55509
2010-05-26,706666,55351
2010-05-27,704833,55219
2010-05-28,702976,55071
2010-05-29,701098,54877
2010-05-30,699242,54722
2010-05-31,697441,54563
2010-06-01,730601,57072
2010-06-02,728851,56916
2010-06-03,726972,56784
2010-06-04,725168,56645
2010-06-05,723310,56497
2010-06-06,721453,56346
2010-06-07,719587,56203
2010-06-08,717743,56058
2010-06-09,715919,55916
2010-06-10,714059,55791
2010-06-11,712191,55647
2010-06-12,710363,55523
2010-06-13,708523,55386
2010-06-14,706696,55216
2010-06-15,740049,57743
2010-06-16,738167,57581
2010-06-17,736382,57420
2010-06-18,734497,57276
2010-06-19,732633,57133
2010-06-20,730851,56966
2010-06-21,728935,56834
2010-06-22,727032,56678
2010-06-23,725134,56551
2010-06-24,723294,56421
2010-06-25,721326,56279
2010-06-26,719522,56150
2010-06-27,717694,56037
2010-06-28,715794,55904
2010-06-29,713935,55778
2010-06-30,712135,55645
2010-07-01,745177,58178
2010-07-02,743352,58043
2010-07-03,741540,57895
2010-07-04,739641,57733
2010-07-05,737691,57599
2010-07-06,735857,57440
2010-07-07,734009,57274
2010-07-08,732161,57127
2010-07-09,730375,56973
2010-07-10,728460,56812
2010-07-11,726623,56663
2010-07-12,724774,56514
2010-07-13,722936,56361
2010-07-14,721114,56216
2010-07-15,754003,58765
2010-07-16,752134,58626
2010-07-17,750234,58483
2010-07-18,748366,58329
2010-07-19,746600,58219
2010-07-20,744621,58085
2010-07-21,742768,57940
2010-07-22,740907,57788
2010-07-23,739000,57648
2010-07-24,737166,57528
2010-07-25,735233,57381
2010-07-26,733410,57253
2010-07-27,731475,57119
2010-07-28,729440,56983
2010-07-29,727576,56848
2010-07-30,725786,56675
2010-07-31,723907,56537
2010-08-01,756988,58983
2010-08-02,755162,58824
2010-08-03,753358,58694
2010-08-04,751512,58548
2010-08-05,749562,58423
2010-08-06,747628,58259
2010-08-07,745777,58117
2010-08-08,743952,57999
2010-08-09,742120,57859
2010-08-10,740195,57704
2010-08-11,738315,57570
2010-08-12,736362,57424
2010-08-13,734536,57282
2010-08-14,732649,57144
2010-08-15,765739,59716
2010-08-16,763893,59554
2010-08-17,762015,59413
2010-08-18,760133,59282
2010-08-19,758261,59128
2010-08-20,756368,58949
2010-08-21,754530,58794
2010-08-22,752707,58635
2010-08-23,750818,58484
2010-08-24,748927,58358
2010-08-25,747089,58211
2010-08-26,745166,58065
2010-08-27,743302,57934
2010-08-28,741471,57808
2010-08-29,739593,57674
2010-08-30,737758,57539
2010-08-31,735868,57392
2010-09-01,769105,59950
2010-09-02,767236,59804
2010-09-03,765398,59657
2010-09-04,763526,59520
2010-09-05,761604,59375
2010-09-06,759739,59216
2010-09-07,757916,59096
2010-09-08,756049,58957
2010-09-09,754261,58797
2010-09-10,752389,58643
2010-09-11,750479,58501
2010-09-12,748670,58347
2010-09-13,746828,58184
2010-09-14,744955,58039
2010-09-15,778300,60583
2010-09-16,776430,60448
2010-09-17,774475,60318
2010-09-18,772660,60164
2010-09-19,770754,60043
2010-09-20,768855,59892
2010-09-21,767077,59734
2010-09-22,765195,59589
2010-09-23,763408,59445
2010-09-24,761613,59309
2010-09-25,759739,59153
2010-09-26,757914,59014
2010-09-27,756119,58873
2010-09-28,754232,58722
2010-09-29,752455,58582
2010-09-30,750576,58425
2010-10-01,783602,60998
2010-10-02,781751,60875
2010-10-03,779867,60732
2010-10-04,777982,60584
2010-10-05,776080,60427
2010-10-06,774240,60275
2010-10-07,772361,60141
2010-10-08,770482,60019
2010-10-09,768639,59891
2010-10-10,766831,59750
2010-10-11,764986,59615
2010-10-12,763099,59442
2010-10-13,761260,59309
2010-10-14,759351,59160
2010-10-15,792316,61669
2010-10-16,790331,61527
2010-10-17,788509,61373
2010-10-18,786657,61230
2010-10-19,784841,61116
2010-10-20,782942,60976
2010-10-21,781102,60818
2010-10-22,779201,60658
2010-10-23,777344,60500
2010-10-24,775550,60336
2010-10-25,773738,60197
2010-10-26,771826,60051
2010-10-27,769891,59913
2010-10-28,767980,59777
2010-10-29,766134,59633
2010-10-30,764251,59491
2010-10-31,762398,59334
2010-11-01,795589,61883
2010-11-02,793746,61738
2010-11-03,791924,61600
2010-11-04,790137,61459
2010-11-05,788276,61308
2010-11-06,786412,61157
2010-11-07,784566,61025
2010-11-08,782650,60883
2010-11-09,780747,60771
2010-11-10,778908,60634
2010-11-11,777002,60482
2010-11-12,775147,60341
2010-11-13,773224,60196
2010-11-14,771383,60056
2010-11-15,804495,62525
2010-11-16,802741,62378
2010-11-17,800903,62248
2010-11-18,799002,62103
2010-11-19,797133,61958
2010-11-20,795264,61812
2010-11-21,793417,61656
2010-11-22,791656,61493
2010-11-23,789791,61354
2010-11-24,787889,61194
2010-11-25,786005,61049
2010-11-26,784155,60930
2010-11-27,782281,60766
2010-11-28,780400,60621
2010-11-29,778493,60487
2010-11-30,776688,60361
2010-12-01,809747,62922
2010-12-02,807836,62779
2010-12-03,805982,62642
2010-12-04,804188,62520
2010-12-05,802382,62382
2010-12-06,800529,62244
2010-12-07,798628,62069
2010-12-08,796822,61908
2010-12-09,794944,61745
2010-12-10,793135,61617
2010-12-11,791252,61447
2010-12-12,789425,61313
2010-12-13,787588,61139
2010-12-14,785759,61001
2010-12-15,818839,63439
2010-12-16,816905,63293
2010-12-17,815031,63145
2010-12-18,813214,63004
2010-12-19,811298,62868
2010-12-20,809474,62716
2010-12-21,807558,62581
2010-12-22,805615,62449
2010-12-23,803674,62306
2010-12-24,801732,62152
2010-12-25,799862,62003
2010-12-26,797893,61856
2010-12-27,796030,61707
2010-12-28,794167,61561
2010-12-29,792289,61411
2010-12-30,790460,61240
2010-12-31,788560,61088
2011-01-01,821588,63678
2011-01-02,819685,63523
2011-01-03,817787,63358
2011-01-04,815926,63209
2011-01-05,813948,63064
2011-01-06,812025,62926
2011-01-07,810158,62765
2011-01-08,808239,62618
2011-01-09,806513,62451
2011-01-10,804612,62315
2011-01-11,802716,62175
2011-01-12,800805,62038
2011-01-13,798941,61903
2011-01-14,797127,61761
2011-01-15,830096,64335
2011-01-16,828227,64201
2011-01-17,826297,64054
2011-01-18,824423,63923
2011-01-19,822510,63777
2011-01-20,820577,63651
2011-01-21,818712,63500
2011-01-22,816788,63371
2011-01-23,814914,63219
2011-01-24,813073,63080
2011-01-25,811214,62931
2011-01-26,809378,62802
2011-01-27,807465,62652
2011-01-28,805617,62503
2011-01-29,803699,62374
2011-01-30,801825,62232
2011-01-31,799854,62096
2011-02-01,833242,64646
2011-02-02,831440,64515
2011-02-03,829572,64353
2011-02-04,827714,64198
2011-02-05,825854,64034
2011-02-06,824000,63886
2011-02-07,822104,63745
2011-02-08,820227,63579
2011-02-09,818376,63444
2011-02-10,816516,63290
2011-02-11,814607,63161
2011-02-12,812701,62999
2011-02-13,810830,62824
2011-02-14,808989,62689
2011-02-15,842341,65102
2011-02-16,840488,64985
2011-02-17,838665,64833
2011-02-18,836788,64693
2011-02-19,834842,64548
2011-02-20,833014,64406
2011-02-21,831177,64278
2011-02-22,829328,64130
2011-02-23,827507,63996
2011-02-24,825613,63842
2011-02-25,823686,63696
2011-02-26,821855,63564
2011-02-27,819890,63416
2011-02-28,818024,63256
2011-03-01,850924,65778
2011-03-02,849111,65641
2011-03-03,847235,65487
2011-03-04,845412,65344
2011-03-05,843603,65212
2011-03-06,841759,65083
2011-03-07,839844,64925
2011-03-08,837998,64780
2011-03-09,836205,64643
2011-03-10,834321,64484
2011-03-11,832478,64361
2011-03-12,830648,64245
2011-03-13,828788,64113
2011-03-14,826874,63969
2011-03-15,860093,66441
2011-03-16,858276,66294
2011-03-17,856453,66167
2011-03-18,854523,66011
2011-03-19,852699,65873
2011-03-20,850871,65713
2011-03-21,848962,65574
2011-03-22,847126,65431
2011-03-23,845248,65277
2011-03-24,843399,65123
2011-03-25,841578,64973
2011-03-26,839623,64838
2011-03-27,837704,64680
2011-03-28,835809,64543
2011-03-29,833944,64386
2011-03-30,831984,64232
2011-03-31,830105,64093
2011-04-01,863232,66656
2011-04-02,861376,66511
2011-04-03,859490,66368
2011-04-04,857624,66225
2011-04-05,855745,66086
2011-04-06,853920,65934
2011-04-07,852111,65784
2011-04-08,850281,65634
2011-04-09,848421,65508
2011-04-10,846496,65354
2011-04-11,844661,65224
2011-04-12,842793,65099
2011-04-13,840933,64947
2011-04-14,839077,64794
2011-04-15,872570,67392
2011-04-16,870724,67240
2011-04-17,868881,67090
2011-04-18,867077,66965
2011-04-19,865233,66819
2011-04-20,863365,66685
2011-04-21,861504,66520
2011-04-22,859604,66390
2011-04-23,857656,66240
2011-04-24,855838,66095
2011-04-25,854023,65942
2011-04-26,852105,65782
2011-04-27,850187,65644
2011-04-28,848387,65499
2011-04-29,846498,65355
2011-04-30,844588,65174
2011-05-01,877862,67748
2011-05-02,875990,67588
2011-05-03,874150,67430
2011-05-04,872285,67270
2011-05-05,870380,67130
2011-05-06,868475,66983
2011-05-07,866608,66850
2011-05-08,864719,66715
2011-05-09,862885,66583
2011-05-10,860947,66422
2011-05-11,859080,66301
2011-05-12,857154,66172
2011-05-13,855345,66022
2011-05-14,853486,65865
2011-05-15,887021,68488
2011-05-16,885094,68348
2011-05-17,883234,68224
2011-05-18,881341,68097
2011-05-19,879503,67940
2011-05-20,877620,67799
2011-05-21,875769,67657
2011-05-22,873880,67492
2011-05-23,872045,67354
2011-05-24,870139,67210
2011-05-25,868274,67085
2011-05-26,866409,66964
2011-05-27,864514,66821
2011-05-28,862678,66681
2011-05-29,860825,66532
2011-05-30,858982,66402
2011-05-31,857029,66273
2011-06-01,889970,68847
2011-06-02,888102,68698
2011-06-03,886211,68556
2011-06-04,884314,68397
2011-06-05,882437,68242
2011-06-06,880514,68099
2011-06-07,878625,67937
2011-06-08,876717,67801
2011-06-09,874835,67673
2011-06-10,872953,67549
2011-06-11,871074,67406
2011-06-12,869227,67271
2011-06-13,867361,67110
2011-06-14,865487,66982
2011-06-15,898673,69556
2011-06-16,896802,69425
2011-06-17,894884,69288
2011-06-18,893036,69149
2011-06-19,891141,69004
2011-06-20,889380,68883
2011-06-21,887465,68736
2011-06-22,885623,68605
2011-06-23,883737,68476
2011-06-24,881863,68335
2011-06-25,880070,68171
2011-06-26,878308,68024
2011-06-27,876437,67875
2011-06-28,874580,67739
2011-06-29,872669,67580
2011-06-30,870860,67432
2011-07-01,904184,69937
2011-07-02,902298,69782
2011-07-03,900445,69643
2011-07-04,898523,69490
2011-07-05,896708,69348
2011-07-06,894829,69200
2011-07-07,892942,69058
2011-07-08,891034,68924
2011-07-09,889158,68779
2011-07-10,887263,68647
2011-07-11,885428,68507
2011-07-12,883599,68358
2011-07-13,881675,68225
2011-07-14,879748,68080
2011-07-15,912993,70614
2011-07-16,911139,70478
2011-07-17,909221,70347
2011-07-18,907304,70210
2011-07-19,905450,70087
2011-07-20,903633,69942
2011-07-21,901722,69797
2011-07-22,899916,69648
2011-07-23,898037,69519
2011-07-24,896174,69378
2011-07-25,894294,69248
2011-07-26,892462,69107
2011-07-27,890567,68947
2011-07-28,888731,68798
2011-07-29,886817,68652
2011-07-30,884946,68503
2011-07-31,883139,68359
2011-08-01,916166,70926
2011-08-02,914331,70790
2011-08-03,912427,70649
2011-08-04,910594,70526
2011-08-05,908702,70381
2011-08-06,906820,70248
2011-08-07,904987,70110
2011-08-08,903144,69963
2011-08-09,901328,69810
2011-08-10,899487,69654
2011-08-11,897674,69502
2011-08-12,895779,69343
2011-08-13,893862,69199
2011-08-14,891988,69064
2011-08-15,924984,71514
2011-08-16,923197,71374
2011-08-17,921238,71233
2011-08-18,919369,71078
2011-08-19,917471,70952
2011-08-20,915600,70800
2011-08-21,913721,70675
2011-08-22,911853,70518
2011-08-23,909950,70391
2011-08-24,908071,70223
2011-08-25,906148,70080
2011-08-26,904335,69943
2011-08-27,902479,69793
2011-08-28,900557,69638
2011-08-29,898641,69513
2011-08-30,896776,69368
2011-08-31,894953,69232
2011-09-01,928267,71742
2011-09-02,926464,71614
2011-09-03,924613,71466
2011-09-04,922774,71317
2011-09-05,920935,71172
2011-09-06,919081,71038
2011-09-07,917247,70901
2011-09-08,915335,70768
2011-09-09,913388,70620
2011-09-10,911481,70490
2011-09-11,909565,70361
2011-09-12,907713,70219
2011-09-13,905791,70058
2011-09-14,903824,69914
2011-09-15,937130,72411
2011-09-16,935298,72283
2011-09-17,933386,72139
2011-09-18,931417,71995
2011-09-19,929507,71846
2011-09-20,927611,71711
2011-09-21,925712,71580
2011-09-22,923786,71418
2011-09-23,921906,71271
2011-09-24,919947,71139
2011-09-25,918141,70987
2011-09-26,916250,70840
2011-09-27,914387,70700
2011-09-28,912473,70555
2011-09-29,910620,70431
2011-09-30,908750,70289
2011-10-01,941780,72774
2011-10-02,939942,72633
2011-10-03,938127,72482
2011-10-04,936324,72332
2011-10-05,934456,72174
2011-10-06,932566,72038
2011-10-07,930721,71884
2011-10-08,928789,71743
2011-10-09,926962,71608
2011-10-10,925068,71476
2011-10-11,923144,71334
2011-10-12,921227,71182
2011-10-13,919286,71040
2011-10-14,917432,70900
2011-10-15,950175,73504
2011-10-16,948290,73347
2011-10-17,946364,73201
2011-10-18,944442,73039
2011-10-19,942555,72884
2011-10-20,940688,72760
2011-10-21,938842,72612
2011-10-22,936932,72467
2011-10-23,935010,72312
2011-10-24,933153,72173
2011-10-25,931311,72050
2011-10-26,929408,71901
2011-10-27,927552,71754
2011-10-28,925741,71599
2011-10-29,923923,71442
2011-10-30,922122,71315
2011-10-31,920297,71173
2011-11-01,953725,73785
2011-11-02,951899,73629
2011-11-03,950053,73506
2011-11-04,948163,73381
2011-11-05,946310,73234
2011-11-06,944439,73074
2011-11-07,942557,72957
2011-11-08,940653,72814
2011-11-09,938777,72681
2011-11-10,936920,72540
2011-11-11,934994,72361
2011-11-12,933124,72235
2011-11-13,931251,72080
2011-11-14,929408,71934
2011-11-15,962467,74466
2011-11-16,960594,74338
2011-11-17,958741,74195
2011-11-18,956931,74057
2011-11-19,955030,73907
2011-11-20,953132,73779
2011-11-21,951263,73637
2011-11-22,949365,73490
2011-11-23,947486,73351
2011-11-24,945639,73220
2011-11-25,943773,73069
2011-11-26,941899,72941
2011-11-27,940024,72817
2011-11-28,938163,72683
2011-11-29,936300,72545
2011-11-30,934449,72390
2011-12-01,967426,74887
2011-12-02,965552,74750
2011-12-03,963617,74600
2011-12-04,961809,74445
2011-12-05,959942,74312
2011-12-06,958108,74168
2011-12-07,956233,74019
2011-12-08,954296,73865
2011-12-09,952476,73722
2011-12-10,950594,73580
2011-12-11,948727,73431
2011-12-12,946862,73302
2011-12-13,944953,73144
2011-12-14,943151,73005
2011-12-15,976124,75605
2011-12-16,974291,75466
2011-12-17,972401,75331
2011-12-18,970494,75176
2011-12-19,968671,75034
2011-12-20,966862,74913
2011-12-21,964972,74780
2011-12-22,963064,74645
2011-12-23,961180,74504
2011-12-24,959278,74368
2011-12-25,957388,74223
2011-12-26,955529,74050
2011-12-27,953686,73920
2011-12-28,951831,73776
2011-12-29,950021,73644
2011-12-30,948151,73512
2011-12-31,946296,73373
2012-01-01,979748,75869
2012-01-02,977899,75744
2012-01-03,976018,75608
2012-01-04,974124,75463
2012-01-05,972317,75314
2012-01-06,970386,75181
2012-01-07,968461,75042
2012-01-08,966625,74890
2012-01-09,964764,74773
2012-01-10,962901,74631
2012-01-11,960974,74498
2012-01-12,959067,74353
2012-01-13,957212,74213
2012-01-14,955466,74055
2012-01-15,988790,76688
2012-01-16,986938,76556
2012-01-17,985072,76430
2012-01-18,983186,76273
2012-01-19,981384,76094
2012-01-20,979498,75959
2012-01-21,977556,75807
2012-01-22,975698,75676
2012-01-23,973809,75533
2012-01-24,971940,75397
2012-01-25,970036,75273
2012-01-26,968138,75152
2012-01-27,966244,75015
2012-01-28,964336,74892
2012-01-29,962382,74732
2012-01-30,960549,74591
2012-01-31,958713,74449
2012-02-01,991696,77012
2012-02-02,989891,76878
2012-02-03,988112,76713
2012-02-04,986195,76584
2012-02-05,984310,76445
2012-02-06,982462,76300
2012-02-07,980572,76146
2012-02-08,978727,75999
2012-02-09,976814,75839
2012-02-10,974931,75707
2012-02-11,973040,75574
2012-02-12,971195,75426
2012-02-13,969334,75268
2012-02-14,967419,75095
2012-02-15,1000307,77699
2012-02-16,998461,77547
2012-02-17,996677,77418
2012-02-18,994757,77272
2012-02-19,992901,77133
2012-02-20,991056,77007
2012-02-21,989196,76859
2012-02-22,987310,76719
2012-02-23,985495,76594
2012-02-24,983648,76432
2012-02-25,981832,76291
2012-02-26,979987,76134
2012-02-27,978054,76007
2012-02-28,976143,75873
2012-02-29,974174,75710
2012-03-01,1007363,78317
2012-03-02,1005531,78177
2012-03-03,1003625,78015
2012-03-04,1001743,77872
2012-03-05,999892,77731
2012-03-06,998110,77576
2012-03-07,996265,77403
2012-03-08,994450,77244
2012-03-09,992535,77104
2012-03-10,990610,76974
2012-03-11,988721,76817
2012-03-12,986846,76663
2012-03-13,984872,76518
2012-03-14,982950,76368
2012-03-15,1015814,78858
2012-03-16,1013991,78712
2012-03-17,1012256,78582
2012-03-18,1010369,78446
2012-03-19,1008478,78282
2012-03-20,1006591,78138
2012-03-21,1004777,77976
2012-03-22,1002915,77850
2012-03-23,1000984,77693
2012-03-24,999140,77554
2012-03-25,997201,77399
2012-03-26,995247,77248
2012-03-27,993409,77114
2012-03-28,991537,76983
2012-03-29,989652,76839
2012-03-30,987716,76692
2012-03-31,985936,76546
2012-04-01,1018858,79100
2012-04-02,1016952,78941
2012-04-03,1015098,78811
2012-04-04,1013177,78679
2012-04-05,1011327,78542
2012-04-06,1009362,78411
2012-04-07,1007483,78261
2012-04-08,1005601,78121
2012-04-09,1003719,77992
2012-04-10,1001918,77850
2012-04-11,1000063,77705
2012-04-12,998204,77557
2012-04-13,996259,77413
2012-04-14,994413,77273
2012-04-15,1027682,79770
2012-04-16,1025764,79615
2012-04-17,1023868,79459
2012-04-18,1022047,79309
2012-04-19,1020184,79169
2012-04-20,1018341,79013
2012-04-21,1016417,78874
2012-04-22,1014550,78739
2012-04-23,1012719,78612
2012-04-24,1010876,78470
2012-04-25,1009071,78343
2012-04-26,1007200,78186
2012-04-27,1005384,78039
2012-04-28,1003480,77905
2012-04-29,1001524,77739
2012-04-30,999572,77591
2012-05-01,1032807,80138
2012-05-02,1030942,80006
2012-05-03,1029099,79854
2012-05-04,1027216,79724
2012-05-05,1025298,79585
2012-05-06,1023410,79416
2012-05-07,1021572,79270
2012-05-08,1019731,79115
2012-05-09,1017807,78976
2012-05-10,1015934,78837
2012-05-11,1014093,78707
2012-05-12,1012261,78554
2012-05-13,1010389,78408
2012-05-14,1008504,78267
2012-05-15,1041438,80806
2012-05-16,1039568,80651
2012-05-17,1037704,80522
2012-05-18,1035862,80366
2012-05-19,1034045,80228
2012-05-20,1032185,80078
2012-05-21,1030340,79925
2012-05-22,1028513,79779
2012-05-23,1026567,79641
2012-05-24,1024651,79514
2012-05-25,1022730,79356
2012-05-26,1020852,79206
2012-05-27,1018901,79060
2012-05-28,1016838,78931
2012-05-29,1014925,78794
2012-05-30,1012995,78652
2012-05-31,1011189,78498
2012-06-01,1044204,81033
2012-06-02,1042383,80885
2012-06-03,1040548,80730
2012-06-04,1038739,80602
2012-06-05,1036887,80454
2012-06-06,1035055,80307
2012-06-07,1033198,80156
2012-06-08,1031297,80021
2012-06-09,1029462,79879
2012-06-10,1027574,79736
2012-06-11,1025728,79603
2012-06-12,1023884,79466
2012-06-13,1022091,79325
2012-06-14,1020265,79188
2012-06-15,1053378,81787
2012-06-16,1051517,81618
2012-06-17,1049616,81481
2012-06-18,1047729,81338
2012-06-19,1045839,81187
2012-06-20,1043898,81050
2012-06-21,1041968,80914
2012-06-22,1040113,80761
2012-06-23,1038245,80609
2012-06-24,1036339,80486
2012-06-25,1034443,80352
2012-06-26,1032565,80229
2012-06-27,1030668,80079
2012-06-28,1028834,79931
2012-06-29,1027023,79784
2012-06-30,1025126,79636
2012-07-01,1058080,82158
2012-07-02,1056136,82005
2012-07-03,1054260,81872
2012-07-04,1052405,81740
2012-07-05,1050515,81586
2012-07-06,1048636,81439
2012-07-07,1046721,81319
2012-07-08,1044836,81175
2012-07-09,1042966,81032
2012-07-10,1041133,80897
2012-07-11,1039216,80760
2012-07-12,1037382,80614
2012-07-13,1035499,80456
2012-07-14,1033623,80322
2012-07-15,1066901,82761
2012-07-16,1065040,82606
2012-07-17,1063158,82470
2012-07-18,1061299,82339
2012-07-19,1059400,82187
2012-07-20,1057536,82043
2012-07-21,1055705,81914
2012-07-22,1053755,81786
2012-07-23,1051826,81637
2012-07-24,1049929,81486
2012-07-25,1048105,81355
2012-07-26,1046202,81203
2012-07-27,1044284,81040
2012-07-28,1042436,80879
2012-07-29,1040483,80738
2012-07-30,1038571,80587
2012-07-31,1036634,80421
2012-08-01,1069794,82974
2012-08-02,1067901,82820
2012-08-03,1066043,82686
2012-08-04,1064208,82544
2012-08-05,1062382,82359
2012-08-06,1060544,82200
2012-08-07,1058710,82049
2012-08-08,1056791,81915
2012-08-09,1054956,81760
2012-08-10,1053087,81628
2012-08-11,1051217,81484
2012-08-12,1049356,81323
2012-08-13,1047463,81183
2012-08-14,1045667,81051
2012-08-15,1079001,83567
2012-08-16,1077058,83425
2012-08-17,1075270,83288
2012-08-18,1073366,83142
2012-08-19,1071533,83002
2012-08-20,1069737,82848
2012-08-21,1067911,82723
2012-08-22,1066008,82580
2012-08-23,1064113,82443
2012-08-24,1062238,82303
2012-08-25,1060340,82126
2012-08-26,1058446,81970
2012-08-27,1056581,81819
2012-08-28,1054716,81695
2012-08-29,1052854,81558
2012-08-30,1050960,81418
2012-08-31,1049106,81273
2012-09-01,1082490,83827
2012-09-02,1080573,83670
2012-09-03,1078731,83533
2012-09-04,1076859,83383
2012-09-05,1074977,83223
2012-09-06,1073091,83066
2012-09-07,1071296,82938
2012-09-08,1069366,82790
2012-09-09,1067445,82637
2012-09-10,1065607,82505
2012-09-11,1063736,82359
2012-09-12,1061828,82226
2012-09-13,1059997,82086
2012-09-14,1058115,81937
2012-09-15,1091236,84524
2012-09-16,1089255,84383
2012-09-17,1087459,84259
2012-09-18,1085553,84119
2012-09-19,1083658,83987
2012-09-20,1081747,83857
2012-09-21,1079839,83732
2012-09-22,1077935,83575
2012-09-23,1076032,83418
2012-09-24,1074194,83271
2012-09-25,1072286,83132
2012-09-26,1070515,82989
2012-09-27,1068666,82843
2012-09-28,1066823,82687
2012-09-29,1064980,82548
2012-09-30,1063134,82412
2012-10-01,1096203,85035
2012-10-02,1094297,84894
2012-10-03,1092421,84768
2012-10-04,1090487,84618
2012-10-05,1088616,84483
2012-10-06,1086761,84338
2012-10-07,1084913,84205
2012-10-08,1083068,84052
2012-10-09,1081157,83906
2012-10-10,1079321,83783
2012-10-11,1077484,83646
2012-10-12,1075579,83494
2012-10-13,1073633,83357
2012-10-14,1071770,83214
2012-10-15,1104936,85796
2012-10-16,1103036,85660
2012-10-17,1101128,85537
2012-10-18,1099279,85420
2012-10-19,1097404,85258
2012-10-20,1095577,85104
2012-10-21,1093740,84943
2012-10-22,1091908,84794
2012-10-23,1090056,84633
2012-10-24,1088157,84499
2012-10-25,1086259,84340
2012-10-26,1084384,84190
2012-10-27,1082507,84028
2012-10-28,1080633,83868
2012-10-29,1078749,83725
2012-10-30,1076864,83588
2012-10-31,1074933,83440
2012-11-01,1107953,85906
2012-11-02,1106103,85770
2012-11-03,1104234,85636
2012-11-04,1102452,85481
2012-11-05,1100623,85310
2012-11-06,1098737,85172
2012-11-07,1096843,85029
2012-11-08,1094951,84881
2012-11-09,1093092,84734
2012-11-10,1091294,84586
2012-11-11,1089391,84433
2012-11-12,1087525,84281
2012-11-13,1085655,84114
2012-11-14,1083800,83968
2012-11-15,1116835,86438
2012-11-16,1114970,86267
2012-11-17,1113117,86128
2012-11-18,1111309,85987
2012-11-19,1109421,85838
2012-11-20,1107581,85688
2012-11-21,1105755,85541
2012-11-22,1103885,85396
2012-11-23,1102043,85262
2012-11-24,1100116,85105
2012-11-25,1098199,84978
2012-11-26,1096379,84834
2012-11-27,1094572,84691
2012-11-28,1092714,84534
2012-11-29,1090835,84400
2012-11-30,1088939,84241
2012-12-01,1122289,86740
2012-12-02,1120402,86582
2012-12-03,1118511,86437
2012-12-04,1116655,86300
2012-12-05,1114762,86156
2012-12-06,1112896,86022
2012-12-07,1111075,85866
2012-12-08,1109104,85726
2012-12-09,1107228,85565
2012-12-10,1105345,85434
2012-12-11,1103539,85293
2012-12-12,1101696,85160
2012-12-13,1099922,85036
2012-12-14,1098070,84882
2012-12-15,1131226,87445
2012-12-16,1129403,87306
2012-12-17,1127539,87161
2012-12-18,1125654,87002
2012-12-19,1123764,86852
2012-12-20,1121862,86725
2012-12-21,1120003,86597
2012-12-22,1118089,86455
2012-12-23,1116182,86329
2012-12-24,1114356,86188
2012-12-25,1112449,86065
2012-12-26,1110607,85924
2012-12-27,1108718,85779
2012-12-28,1106837,85631
2012-12-29,1104948,85494
2012-12-30,1103087,85347
2012-12-31,1101165,85189
2013-01-01,1134108,87740
2013-01-02,1132279,87583
2013-01-03,1130405,87457
2013-01-04,1128540,87301
2013-01-05,1126594,87137
2013-01-06,1124698,86995
2013-01-07,1122887,86856
2013-01-08,1120915,86722
2013-01-09,1119081,86592
2013-01-10,1117180,86455
2013-01-11,1115305,86312
2013-01-12,1113456,86174
2013-01-13,1111677,86029
2013-01-14,1109767,85887
2013-01-15,1142807,88446
2013-01-16,1140983,88296
2013-01-17,1139101,88164
2013-01-18,1137170,88017
2013-01-19,1135276,87893
2013-01-20,1133406,87777
2013-01-21,1131523,87632
2013-01-22,1129641,87505
2013-01-23,1127797,87367
2013-01-24,1125876,87232
2013-01-25,1124015,87093
2013-01-26,1122133,86940
2013-01-27,1120199,86782
2013-01-28,1118330,86658
2013-01-29,1116421,86507
2013-01-30,1114537,86348
2013-01-31,1112679,86189
2013-02-01,1145593,88754
2013-02-02,1143724,88603
2013-02-03,1141896,88461
2013-02-04,1140049,88305
2013-02-05,1138153,88152
2013-02-06,1136277,88020
2013-02-07,1134406,87881
2013-02-08,1132556,87740
2013-02-09,1130706,87602
2013-02-10,1128899,87442
2013-02-11,1126969,87306
2013-02-12,1125109,87165
2013-02-13,1123279,87026
2013-02-14,1121437,86875
2013-02-15,1154477,89339
2013-02-16,1152549,89186
2013-02-17,1150616,89056
2013-02-18,1148788,88909
2013-02-19,1146930,88759
2013-02-20,1144970,88624
2013-02-21,1143084,88493
2013-02-22,1141177,88361
2013-02-23,1139267,88230
2013-02-24,1137326,88097
2013-02-25,1135500,87944
2013-02-26,1133672,87819
2013-02-27,1131832,87662
2013-02-28,1129961,87501
2013-03-01,1162968,90071
2013-03-02,1161080,89935
2013-03-03,1159163,89799
2013-03-04,1157249,89661
2013-03-05,1155445,89506
2013-03-06,1153601,89357
2013-03-07,1151734,89217
2013-03-08,1149858,89068
2013-03-09,1147990,88934
2013-03-10,1146091,88792
2013-03-11,1144192,88654
2013-03-12,1142340,88528
2013-03-13,1140393,88396
2013-03-14,1138585,88258
2013-03-15,1171938,90859
2013-03-16,1170086,90730
2013-03-17,1168157,90610
2013-03-18,1166230,90489
2013-03-19,1164366,90349
2013-03-20,1162606,90198
2013-03-21,1160744,90047
2013-03-22,1158930,89890
2013-03-23,1157055,89758
2013-03-24,1155165,89595
2013-03-25,1153363,89454
2013-03-26,1151472,89325
2013-03-27,1149604,89182
2013-03-28,1147717,89059
2013-03-29,1145832,88903
2013-03-30,1144053,88756
2013-03-31,1142214,88609
2013-04-01,1175356,91146
2013-04-02,1173484,91014
2013-04-03,1171667,90871
2013-04-04,1169822,90736
2013-04-05,1167955,90598
2013-04-06,1166150,90456
2013-04-07,1164296,90330
2013-04-08,1162439,90204
2013-04-09,1160568,90064
2013-04-10,1158728,89912
2013-04-11,1156882,89750
2013-04-12,1155034,89613
2013-04-13,1153166,89486
2013-04-14,1151220,89337
2013-04-15,1184492,91871
2013-04-16,1182624,91727
2013-04-17,1180743,91596
2013-04-18,1178887,91458
2013-04-19,1176962,91337
2013-04-20,1175065,91190
2013-04-21,1173169,91059
2013-04-22,1171350,90915
2013-04-23,1169436,90789
2013-04-24,1167510,90640
2013-04-25,1165608,90498
2013-04-26,1163705,90358
2013-04-27,1161810,90195
2013-04-28,1159974,90039
2013-04-29,1158087,89906
2013-04-30,1156249,89738
2013-05-01,1189251,92323
2013-05-02,1187338,92189
2013-05-03,1185448,92032
2013-05-04,1183556,91886
2013-05-05,1181622,91751
2013-05-06,1179757,91618
2013-05-07,1177864,91474
2013-05-08,1175996,91319
2013-05-09,1174126,91177
2013-05-10,1172274,91038
2013-05-11,1170428,90898
2013-05-12,1168572,90768
2013-05-13,1166649,90629
2013-05-14,1164768,90478
2013-05-15,1197822,92997
2013-05-16,1195990,92836
2013-05-17,1194086,92686
2013-05-18,1192171,92547
2013-05-19,1190365,92394
2013-05-20,1188458,92241
2013-05-21,1186514,92084
2013-05-22,1184630,91954
2013-05-23,1182728,91828
2013-05-24,1180795,91683
2013-05-25,1178939,91546
2013-05-26,1177084,91388
2013-05-27,1175201,91241
2013-05-28,1173318,91087
2013-05-29,1171421,90942
2013-05-30,1169550,90804
2013-05-31,1167648,90649
2013-06-01,1200470,93188
2013-06-02,1198601,93056
2013-06-03,1196747,92904
2013-06-04,1194839,92762
2013-06-05,1193038,92613
2013-06-06,1191161,92474
2013-06-07,1189263,92332
2013-06-08,1187359,92201
2013-06-09,1185477,92046
2013-06-10,1183714,91912
2013-06-11,1181758,91774
2013-06-12,1179892,91616
2013-06-13,1178064,91477
2013-06-14,1176201,91337
2013-06-15,1209107,93869
2013-06-16,1207265,93733
2013-06-17,1205354,93582
2013-06-18,1203532,93427
2013-06-19,1201728,93279
2013-06-20,1199856,93129
2013-06-21,1198004,92990
2013-06-22,1196221,92834
2013-06-23,1194389,92684
2013-06-24,1192518,92562
2013-06-25,1190709,92421
2013-06-26,1188777,92292
2013-06-27,1186927,92150
2013-06-28,1184999,91988
2013-06-29,1183166,91837
2013-06-30,1181280,91700
2013-07-01,1214311,94313
2013-07-02,1212453,94175
2013-07-03,1210480,94049
2013-07-04,1208587,93914
2013-07-05,1206714,93800
2013-07-06,1204884,93655
2013-07-07,1202932,93524
2013-07-08,1201049,93397
2013-07-09,1199221,93273
2013-07-10,1197358,93135
2013-07-11,1195528,93004
2013-07-12,1193771,92869
2013-07-13,1191903,92738
2013-07-14,1190029,92609
2013-07-15,1223460,95166
2013-07-16,1221593,95003
2013-07-17,1219715,94832
2013-07-18,1217823,94687
2013-07-19,1215990,94561
2013-07-20,1214104,94425
2013-07-21,1212267,94266
2013-07-22,1210465,94116
2013-07-23,1208572,93989
2013-07-24,1206650,93838
2013-07-25,1204734,93692
2013-07-26,1202868,93555
2013-07-27,1200996,93399
2013-07-28,1199120,93267
2013-07-29,1197243,93130
2013-07-30,1195371,92966
2013-07-31,1193464,92808
2013-08-01,1226369,95280
2013-08-02,1224485,95136
2013-08-03,1222587,94998
2013-08-04,1220773,94834
2013-08-05,1218877,94692
2013-08-06,1217006,94521
2013-08-07,1215059,94343
2013-08-08,1213181,94168
2013-08-09,1211313,94032
2013-08-10,1209472,93905
2013-08-11,1207599,93766
2013-08-12,1205678,93625
2013-08-13,1203851,93480
2013-08-14,1201924,93345
2013-08-15,1235004,95897
2013-08-16,1233180,95739
2013-08-17,1231310,95605
2013-08-18,1229408,95472
2013-08-19,1227481,95314
2013-08-20,1225600,95161
2013-08-21,1223780,95022
2013-08-22,1221930,94887
2013-08-23,1220093,94725
2013-08-24,1218227,94575
2013-08-25,1216328,94426
2013-08-26,1214451,94291
2013-08-27,1212623,94159
2013-08-28,1210719,94023
2013-08-29,1208830,93881
2013-08-30,1206907,93731
2013-08-31,1205052,93561
2013-09-01,1238177,96077
2013-09-02,1236313,95938
2013-09-03,1234469,95796
2013-09-04,1232612,95662
2013-09-05,1230710,95534
2013-09-06,1228832,95404
2013-09-07,1227012,95262
2013-09-08,1225152,95108
2013-09-09,1223315,94948
2013-09-10,1221392,94788
2013-09-11,1219532,94644
2013-09-12,1217694,94498
2013-09-13,1215758,94361
2013-09-14,1213873,94236
2013-09-15,1246990,96784
2013-09-16,1245106,96631
2013-09-17,1243266,96490
2013-09-18,1241400,96355
2013-09-19,1239467,96209
2013-09-20,1237683,96061
2013-09-21,1235771,95919
2013-09-22,1233849,95790
2013-09-23,1232017,95648
2013-09-24,1230095,95517
2013-09-25,1228237,95379
2013-09-26,1226373,95231
2013-09-27,1224533,95085
2013-09-28,1222690,94951
2013-09-29,1220735,94805
2013-09-30,1218866,94662
2013-10-01,1252175,97259
2013-10-02,1250316,97109
2013-10-03,1248423,96977
2013-10-04,1246504,96860
2013-10-05,1244595,96731
2013-10-06,1242733,96590
2013-10-07,1240813,96453
2013-10-08,1238961,96309
2013-10-09,1237081,96153
2013-10-10,1235136,96018
2013-10-11,1233215,95852
2013-10-12,1231384,95714
2013-10-13,1229571,95562
2013-10-14,1227764,95413
2013-10-15,1260593,97816
2013-10-16,1258752,97663
2013-10-17,1256867,97522
2013-10-18,1254992,97358
2013-10-19,1253135,97199
2013-10-20,1251264,97064
2013-10-21,1249385,96939
2013-10-22,1247560,96804
2013-10-23,1245653,96644
2013-10-24,1243772,96495
2013-10-25,1241891,96346
2013-10-26,1240038,96199
2013-10-27,1238145,96036
2013-10-28,1236279,95886
2013-10-29,1234415,95759
2013-10-30,1232595,95611
2013-10-31,1230689,95479
2013-11-01,1263441,98041
2013-11-02,1261578,97899
2013-11-03,1259680,97729
2013-11-04,1257761,97591
2013-11-05,1255928,97447
2013-11-06,1254068,97311
2013-11-07,1252209,97160
2013-11-08,1250321,97013
2013-11-09,1248427,96879
2013-11-10,1246565,96728
2013-11-11,1244706,96574
2013-11-12,1242879,96439
2013-11-13,1241048,96293
2013-11-14,1239258,96153
2013-11-15,1271917,98813
2013-11-16,1269948,98663
2013-11-17,1268017,98517
2013-11-18,1266111,98374
2013-11-19,1264261,98234
2013-11-20,1262437,98091
2013-11-21,1260516,97956
2013-11-22,1258611,97782
2013-11-23,1256820,97649
2013-11-24,1254982,97511
2013-11-25,1253161,97378
2013-11-26,1251250,97223
2013-11-27,1249359,97079
2013-11-28,1247451,96916
2013-11-29,1245663,96765
2013-11-30,1243837,96635
2013-12-01,1276669,99171
2013-12-02,1274820,99039
2013-12-03,1272895,98899
2013-12-04,1271021,98738
2013-12-05,1269234,98573
2013-12-06,1267391,98417
2013-12-07,1265466,98281
2013-12-08,1263607,98139
2013-12-09,1261806,98006
2013-12-10,1259939,97866
2013-12-11,1258101,97734
2013-12-12,1256337,97575
2013-12-13,1254458,97408
2013-12-14,1252549,97252
2013-12-15,1285481,99837
2013-12-16,1283604,99678
2013-12-17,1281750,99533
2013-12-18,1279877,99375
2013-12-19,1277993,99246
2013-12-20,1276126,99106
2013-12-21,1274268,98975
2013-12-22,1272345,98836
2013-12-23,1270444,98683
2013-12-24,1268567,98540
2013-12-25,1266693,98384
2013-12-26,1264763,98245
2013-12-27,1262921,98124
2013-12-28,1261045,97976
2013-12-29,1259201,97844
2013-12-30,1257392,97688
2013-12-31,1255524,97535
2014-01-01,1288418,100078
2014-01-02,1286544,99943
2014-01-03,1284630,99787
2014-01-04,1282716,99639
2014-01-05,1280782,99500
2014-01-06,1278973,99363
2014-01-07,1277065,99220
2014-01-08,1275224,99067
2014-01-09,1273321,98929
2014-01-10,1271528,98770
2014-01-11,1269680,98620
2014-01-12,1267837,98493
2014-01-13,1266003,98347
2014-01-14,1264176,98208
2014-01-15,1297388,100765
2014-01-16,1295600,100618
2014-01-17,1293775,100469
2014-01-18,1291956,100314
2014-01-19,1290071,100160
2014-01-20,1288203,100001
2014-01-21,1286330,99846
2014-01-22,1284443,99699
2014-01-23,1282588,99565
2014-01-24,1280767,99409
2014-01-25,1278857,99252
2014-01-26,1277012,99084
2014-01-27,1275148,98941
2014-01-28,1273293,98815
2014-01-29,1271397,98644
2014-01-30,1269551,98492
2014-01-31,1267624,98328
2014-02-01,1300324,100926
2014-02-02,1298400,100794
2014-02-03,1296584,100648
2014-02-04,1294754,100536
2014-02-05,1292880,100388
2014-02-06,1291013,100246
2014-02-07,1289119,100110
2014-02-08,1287287,99966
2014-02-09,1285412,99821
2014-02-10,1283580,99694
2014-02-11,1281649,99549
2014-02-12,1279802,99410
2014-02-13,1277898,99267
2014-02-14,1275997,99129
2014-02-15,1309120,101635
2014-02-16,1307278,101499
2014-02-17,1305420,101349
2014-02-18,1303528,101192
2014-02-19,1301611,101069
2014-02-20,1299758,100936
2014-02-21,1297938,100799
2014-02-22,1296030,100667
2014-02-23,1294171,100539
2014-02-24,1292297,100404
2014-02-25,1290444,100278
2014-02-26,1288522,100136
2014-02-27,1286614,99991
2014-02-28,1284740,99853
2014-03-01,1317486,102405
2014-03-02,1315618,102283
2014-03-03,1313741,102134
2014-03-04,1311808,101983
2014-03-05,1309882,101842
2014-03-06,1308041,101717
2014-03-07,1306193,101585
2014-03-08,1304354,101423
2014-03-09,1302481,101265
2014-03-10,1300659,101104
2014-03-11,1298769,100952
2014-03-12,1296898,100820
2014-03-13,1295096,100671
2014-03-14,1293226,100522
2014-03-15,1326631,103177
2014-03-16,1324773,103040
2014-03-17,1322840,102905
2014-03-18,1320959,102769
2014-03-19,1319029,102643
2014-03-20,1317159,102511
2014-03-21,1315249,102380
2014-03-22,1313318,102238
2014-03-23,1311530,102105
2014-03-24,1309677,101963
2014-03-25,1307758,101806
2014-03-26,1305909,101661
2014-03-27,1304016,101500
2014-03-28,1302118,101362
2014-03-29,1300269,101210
2014-03-30,1298446,101077
2014-03-31,1296545,100920
2014-04-01,1329747,103394
2014-04-02,1327859,103253
2014-04-03,1326061,103115
2014-04-04,1324167,102970
2014-04-05,1322296,102824
2014-04-06,1320486,102686
2014-04-07,1318639,102543
2014-04-08,1316723,102389
2014-04-09,1314862,102256
2014-04-10,1312951,102122
2014-04-11,1311080,102019
2014-04-12,1309209,101883
2014-04-13,1307228,101746
2014-04-14,1305283,101594
2014-04-15,1338767,104086
2014-04-16,1336913,103945
2014-04-17,1335096,103803
2014-04-18,1333206,103661
2014-04-19,1331386,103523
2014-04-20,1329521,103402
2014-04-21,1327630,103253
2014-04-22,1325766,103094
2014-04-23,1323879,102953
2014-04-24,1322093,102806
2014-04-25,1320205,102674
2014-04-26,1318346,102513
2014-04-27,1316453,102395
2014-04-28,1314572,102258
2014-04-29,1312765,102107
2014-04-30,1310883,101964
2014-05-01,1344074,104540
2014-05-02,1342237,104387
2014-05-03,1340428,104218
2014-05-04,1338588,104072
2014-05-05,1336779,103927
2014-05-06,1334885,103788
2014-05-07,1333035,103650
2014-05-08,1331177,103523
2014-05-09,1329383,103369
2014-05-10,1327502,103243
2014-05-11,1325679,103098
2014-05-12,1323927,102977
2014-05-13,1322067,102847
2014-05-14,1320229,102698
2014-05-15,1353173,105185
2014-05-16,1351288,105073
2014-05-17,1349393,104916
2014-05-18,1347444,104776
2014-05-19,1345596,104626
2014-05-20,1343670,104464
2014-05-21,1341813,104338
2014-05-22,1340011,104191
2014-05-23,1338060,104046
2014-05-24,1336236,103924
2014-05-25,1334326,103783
2014-05-26,1332413,103660
2014-05-27,1330575,103530
2014-05-28,1328637,103405
2014-05-29,1326746,103263
2014-05-30,1324946,103125
2014-05-31,1323105,102955
2014-06-01,1356275,105501
2014-06-02,1354367,105350
2014-06-03,1352436,105211
2014-06-04,1350586,105094
2014-06-05,1348740,104942
2014-06-06,1346775,104828
2014-06-07,1344898,104677
2014-06-08,1343049,104555
2014-06-09,1341201,104425
2014-06-10,1339290,104283
2014-06-11,1337432,104151
2014-06-12,1335495,104017
2014-06-13,1333569,103891
2014-06-14,1331665,103764
2014-06-15,1365012,106322
2014-06-16,1363183,106184
2014-06-17,1361327,106056
2014-06-18,1359480,105941
2014-06-19,1357698,105793
2014-06-20,1355880,105635
2014-06-21,1354021,105497
2014-06-22,1352145,105362
2014-06-23,1350223,105222
2014-06-24,1348377,105083
2014-06-25,1346463,104920
2014-06-26,1344603,104791
2014-06-27,1342735,104647
2014-06-28,1340854,104519
2014-06-29,1339005,104374
2014-06-30,1337041,104221
2014-07-01,1370214,106765
2014-07-02,1368325,106615
2014-07-03,1366412,106483
2014-07-04,1364518,106339
2014-07-05,1362635,106185
2014-07-06,1360743,106024
2014-07-07,1358919,105883
2014-07-08,1357048,105756
2014-07-09,1355179,105609
2014-07-10,1353320,105481
2014-07-11,1351470,105338
2014-07-12,1349566,105179
2014-07-13,1347787,105024
2014-07-14,1345893,104875
2014-07-15,1379121,107352
2014-07-16,1377258,107212
2014-07-17,1375416,107085
2014-07-18,1373607,106936
2014-07-19,1371728,106792
2014-07-20,1369836,106661
2014-07-21,1367961,106543
2014-07-22,1366203,106404
2014-07-23,1364302,106267
2014-07-24,1362437,106110
2014-07-25,1360604,105934
2014-07-26,1358716,105779
2014-07-27,1356940,105646
2014-07-28,1355101,105476
2014-07-29,1353157,105344
2014-07-30,1351270,105211
2014-07-31,1349373,105053
2014-08-01,1382763,107654
2014-08-02,1380821,107498
2014-08-03,1378954,107320
2014-08-04,1377063,107158
2014-08-05,1375290,107016
2014-08-06,1373359,106867
2014-08-07,1371385,106718
2014-08-08,1369502,106592
2014-08-09,1367587,106438
2014-08-10,1365717,106293
2014-08-11,1363856,106159
2014-08-12,1361941,106020
2014-08-13,1360091,105880
2014-08-14,1358178,105741
2014-08-15,1391494,108245
2014-08-16,1389660,108088
2014-08-17,1387797,107956
2014-08-18,1385928,107800
2014-08-19,1384043,107644
2014-08-20,1382130,107487
2014-08-21,1380302,107362
2014-08-22,1378481,107225
2014-08-23,1376646,107079
2014-08-24,1374807,106928
2014-08-25,1372946,106783
2014-08-26,1371135,106651
2014-08-27,1369296,106517
2014-08-28,1367449,106374
2014-08-29,1365692,106238
2014-08-30,1363808,106101
2014-08-31,1362010,105987
2014-09-01,1395112,108517
2014-09-02,1393213,108369
2014-09-03,1391417,108208
2014-09-04,1389497,108056
2014-09-05,1387629,107907
2014-09-06,1385819,107766
2014-09-07,1383922,107629
2014-09-08,1382001,107509
2014-09-09,1380101,107371
2014-09-10,1378137,107224
2014-09-11,1376211,107086
2014-09-12,1374302,106947
2014-09-13,1372419,106796
2014-09-14,1370514,106656
2014-09-15,1403900,109230
2014-09-16,1402009,109103
2014-09-17,1400061,108952
2014-09-18,1398209,108809
2014-09-19,1396363,108666
2014-09-20,1394467,108520
2014-09-21,1392523,108375
2014-09-22,1390627,108225
2014-09-23,1388782,108081
2014-09-24,1386840,107917
2014-09-25,1384952,107763
2014-09-26,1383045,107623
2014-09-27,1381227,107475
2014-09-28,1379287,107310
2014-09-29,1377372,107166
2014-09-30,1375555,107007
2014-10-01,1408423,109586
2014-10-02,1406608,109437
2014-10-03,1404751,109276
2014-10-04,1402909,109125
2014-10-05,1401094,108965
2014-10-06,1399309,108815
2014-10-07,1397454,108677
2014-10-08,1395619,108530
2014-10-09,1393811,108386
2014-10-10,1391975,108226
2014-10-11,1390069,108073
2014-10-12,1388215,107929
2014-10-13,1386285,107794
2014-10-14,1384402,107664
2014-10-15,1417637,110248
2014-10-16,1415775,110116
2014-10-17,1413930,109952
2014-10-18,1412066,109803
2014-10-19,1410201,109651
2014-10-20,1408347,109502
2014-10-21,1406484,109346
2014-10-22,1404594,109231
2014-10-23,1402711,109084
2014-10-24,1400828,108918
2014-10-25,1398930,108777
2014-10-26,1396973,108660
2014-10-27,1395163,108502
2014-10-28,1393230,108351
2014-10-29,1391362,108214
2014-10-30,1389421,108081
2014-10-31,1387603,107927
2014-11-01,1420634,110429
2014-11-02,1418743,110285
2014-11-03,1416918,110147
2014-11-04,1415016,109984
2014-11-05,1413109,109835
2014-11-06,1411198,109696
2014-11-07,1409268,109555
2014-11-08,1407397,109414
2014-11-09,1405512,109269
2014-11-10,1403651,109104
2014-11-11,1401843,108958
2014-11-12,1399925,108783
2014-11-13,1398076,108644
2014-11-14,1396199,108507
2014-11-15,1429114,111003
2014-11-16,1427198,110875
2014-11-17,1425406,110730
2014-11-18,1423587,110602
2014-11-19,1421693,110467
2014-11-20,1419903,110316
2014-11-21,1418097,110182
2014-11-22,1416290,110033
2014-11-23,1414387,109890
2014-11-24,1412552,109741
2014-11-25,1410727,109601
2014-11-26,1408806,109425
2014-11-27,1406920,109293
2014-11-28,1405083,109147
2014-11-29,1403187,109015
2014-11-30,1401322,108891
2014-12-01,1434455,111465
2014-12-02,1432561,111326
2014-12-03,1430741,111176
2014-12-04,1428852,111029
2014-12-05,1426962,110903
2014-12-06,1425086,110751
2014-12-07,1423200,110618
2014-12-08,1421365,110435
2014-12-09,1419464,110292
2014-12-10,1417573,110147
2014-12-11,1415677,109991
2014-12-12,1413674,109850
2014-12-13,1411829,109710
2014-12-14,1409994,109556
2014-12-15,1443090,112198
2014-12-16,1441288,112075
2014-12-17,1439443,111934
2014-12-18,1437627,111812
2014-12-19,1435843,111675
2014-12-20,1433982,111525
2014-12-21,1432125,111384
2014-12-22,1430273,111257
2014-12-23,1428416,111123
2014-12-24,1426517,110972
2014-12-25,1424687,110826
2014-12-26,1422770,110685
2014-12-27,1420915,110526
2014-12-28,1419071,110372
2014-12-29,1417151,110242
2014-12-30,1415250,110093
2014-12-31,1413327,109926
2015-01-01,1446273,112460
2015-01-02,1444431,112317
2015-01-03,1442645,112183
2015-01-04,1440764,112060
2015-01-05,1438894,111925
2015-01-06,1436970,111792
2015-01-07,1435067,111651
2015-01-08,1433184,111513
2015-01-09,1431264,111380
2015-01-10,1429378,111230
2015-01-11,1427442,111088
2015-01-12,1425585,110942
2015-01-13,1423752,110789
2015-01-14,1421889,110644
2015-01-15,1454579,113162
2015-01-16,1452672,113039
2015-01-17,1450818,112887
2015-01-18,1448979,112770
2015-01-19,1447167,112597
2015-01-20,1445308,112494
2015-01-21,1443377,112356
2015-01-22,1441531,112234
2015-01-23,1439594,112098
2015-01-24,1437789,111978
2015-01-25,1435965,111853
2015-01-26,1434054,111700
2015-01-27,1432252,111562
2015-01-28,1430345,111412
2015-01-29,1428496,111275
2015-01-30,1426538,111120
2015-01-31,1424718,110961
2015-02-01,1457780,113463
2015-02-02,1455904,113351
2015-02-03,1454059,113215
2015-02-04,1452222,113066
2015-02-05,1450390,112913
2015-02-06,1448543,112784
2015-02-07,1446683,112641
2015-02-08,1444770,112514
2015-02-09,1442903,112359
2015-02-10,1441039,112216
2015-02-11,1439175,112065
2015-02-12,1437262,111930
2015-02-13,1435395,111815
2015-02-14,1433606,111664
2015-02-15,1466613,114238
2015-02-16,1464829,114092
2015-02-17,1462938,113954
2015-02-18,1461090,113815
2015-02-19,1459263,113657
2015-02-20,1457380,113510
2015-02-21,1455481,113378
2015-02-22,1453628,113250
2015-02-23,1451735,113116
2015-02-24,1449779,112998
2015-02-25,1447863,112863
2015-02-26,1446010,112711
2015-02-27,1444198,112559
2015-02-28,1442326,112405
2015-03-01,1475411,114893
2015-03-02,1473635,114747
2015-03-03,1471751,114597
2015-03-04,1469862,114438
2015-03-05,1468013,114296
2015-03-06,1466076,114140
2015-03-07,1464201,113999
2015-03-08,1462365,113867
2015-03-09,1460434,113734
2015-03-10,1458597,113583
2015-03-11,1456709,113443
2015-03-12,1454862,113296
2015-03-13,1452921,113148
2015-03-14,1451074,113007
2015-03-15,1484205,115542
2015-03-16,1482363,115386
2015-03-17,1480460,115234
2015-03-18,1478595,115085
2015-03-19,1476770,114932
2015-03-20,1474847,114788
2015-03-21,1472965,114663
2015-03-22,1471024,114521
2015-03-23,1469165,114370
2015-03-24,1467362,114209
2015-03-25,1465529,114062
2015-03-26,1463674,113935
2015-03-27,1461809,113779
2015-03-28,1459932,113641
2015-03-29,1458061,113516
2015-03-30,1456249,113358
2015-03-31,1454395,113201
2015-04-01,1487617,115767
2015-04-02,1485698,115624
2015-04-03,1483862,115485
2015-04-04,1481958,115345
2015-04-05,1480083,115213
2015-04-06,1478278,115090
2015-04-07,1476454,114953
2015-04-08,1474585,114810
2015-04-09,1472713,114668
2015-04-10,1470839,114527
2015-04-11,1468902,114383
2015-04-12,1466979,114225
2015-04-13,1465095,114088
2015-04-14,1463242,113948
2015-04-15,1496211,116544
2015-04-16,1494382,116409
2015-04-17,1492477,116266
2015-04-18,1490600,116120
2015-04-19,1488740,115984
2015-04-20,1486858,115835
2015-04-21,1485014,115681
2015-04-22,1483201,115567
2015-04-23,1481332,115427
2015-04-24,1479437,115287
2015-04-25,1477529,115140
2015-04-26,1475607,115015
2015-04-27,1473721,114870
2015-04-28,1471874,114727
2015-04-29,1469996,114587
2015-04-30,1468085,114441
2015-05-01,1501213,116978
2015-05-02,1499255,116851
2015-05-03,1497391,116727
2015-05-04,1495571,116578
2015-05-05,1493647,116430
2015-05-06,1491766,116282
2015-05-07,1489918,116121
2015-05-08,1488072,115980
2015-05-09,1486218,115828
2015-05-10,1484399,115684
2015-05-11,1482520,115538
2015-05-12,1480653,115400
2015-05-13,1478798,115241
2015-05-14,1476932,115114
2015-05-15,1510096,117749
2015-05-16,1508228,117586
2015-05-17,1506354,117438
2015-05-18,1504489,117269
2015-05-19,1502636,117110
2015-05-20,1500733,116996
2015-05-21,1498858,116841
2015-05-22,1496948,116704
2015-05-23,1495035,116571
2015-05-24,1493161,116428
2015-05-25,1491293,116315
2015-05-26,1489464,116171
2015-05-27,1487532,116023
2015-05-28,1485593,115869
2015-05-29,1483806,115721
2015-05-30,1481892,115588
2015-05-31,1480104,115437
2015-06-01,1513203,117954
2015-06-02,1511291,117812
2015-06-03,1509415,117685
2015-06-04,1507556,117550
2015-06-05,1505688,117407
2015-06-06,1503760,117254
2015-06-07,1501848,117119
2015-06-08,1500031,116971
2015-06-09,1498159,116822
2015-06-10,1496238,116663
2015-06-11,1494425,116522
2015-06-12,1492497,116395
2015-06-13,1490609,116247
2015-06-14,1488820,116094
2015-06-15,1522185,118660
2015-06-16,1520335,118513
2015-06-17,1518433,118376
2015-06-18,1516462,118236
2015-06-19,1514644,118077
2015-06-20,1512826,117962
2015-06-21,1510968,117826
2015-06-22,1509100,117686
2015-06-23,1507267,117538
2015-06-24,1505418,117393
2015-06-25,1503580,117247
2015-06-26,1501682,117098
2015-06-27,1499804,116962
2015-06-28,1497950,116820
2015-06-29,1496031,116685
2015-06-30,1494123,116558
2015-07-01,1527070,119091
2015-07-02,1525257,118940
2015-07-03,1523409,118789
2015-07-04,1521534,118663
2015-07-05,1519716,118535
2015-07-06,1517894,118391
2015-07-07,1516014,118242
2015-07-08,1514171,118100
2015-07-09,1512367,117961
2015-07-10,1510487,117813
2015-07-11,1508590,117655
2015-07-12,1506762,117487
2015-07-13,1504871,117355
2015-07-14,1503048,117212
2015-07-15,1536320,119708
2015-07-16,1534393,119560
2015-07-17,1532463,119423
2015-07-18,1530648,119278
2015-07-19,1528773,119125
2015-07-20,1526924,118973
2015-07-21,1525033,118844
2015-07-22,1523145,118700
2015-07-23,1521284,118569
2015-07-24,1519397,118409
2015-07-25,1517559,118258
2015-07-26,1515699,118095
2015-07-27,1513790,117929
2015-07-28,1511888,117808
2015-07-29,1509966,117669
2015-07-30,1508111,117526
2015-07-31,1506197,117392
2015-08-01,1538954,119979
2015-08-02,1537066,119851
2015-08-03,1535093,119703
2015-08-04,1533271,119566
2015-08-05,1531392,119424
2015-08-06,1529524,119279
2015-08-07,1527688,119150
2015-08-08,1525830,119012
2015-08-09,1523897,118875
2015-08-10,1521963,118748
2015-08-11,1520087,118610
2015-08-12,1518202,118483
2015-08-13,1516323,118339
2015-08-14,1514431,118215
2015-08-15,1547579,120767
2015-08-16,1545688,120616
2015-08-17,1543898,120472
2015-08-18,1542069,120321
2015-08-19,1540299,120171
2015-08-20,1538464,120043
2015-08-21,1536595,119901
2015-08-22,1534721,119772
2015-08-23,1532808,119642
2015-08-24,1530982,119496
2015-08-25,1529184,119354
2015-08-26,1527344,119189
2015-08-27,1525467,119035
2015-08-28,1523629,118911
2015-08-29,1521835,118788
2015-08-30,1519920,118630
2015-08-31,1518055,118479
2015-09-01,1551044,120982
2015-09-02,1549151,120825
2015-09-03,1547337,120688
2015-09-04,1545407,120546
2015-09-05,1543518,120408
2015-09-06,1541647,120265
2015-09-07,1539761,120124
2015-09-08,1537900,120002
2015-09-09,1536000,119855
2015-09-10,1534140,119731
2015-09-11,1532324,119619
2015-09-12,1530540,119460
2015-09-13,1528608,119321
2015-09-14,1526783,119176
2015-09-15,1559910,121772
2015-09-16,1558119,121621
2015-09-17,1556237,121477
2015-09-18,1554376,121331
2015-09-19,1552596,121172
2015-09-20,1550690,121011
2015-09-21,1548839,120889
2015-09-22,1547062,120743
2015-09-23,1545178,120612
2015-09-24,1543317,120476
2015-09-25,1541515,120329
2015-09-26,1539635,120187
2015-09-27,1537762,120043
2015-09-28,1535959,119916
2015-09-29,1534005,119781
2015-09-30,1532120,119640
2015-10-01,1565083,122168
2015-10-02,1563225,122033
2015-10-03,1561300,121891
2015-10-04,1559446,121741
2015-10-05,1557492,121609
2015-10-06,1555570,121479
2015-10-07,1553641,121330
2015-10-08,1551818,121179
2015-10-09,1549909,121055
2015-10-10,1547994,120910
2015-10-11,1546070,120772
2015-10-12,1544211,120645
2015-10-13,1542340,120490
2015-10-14,1540438,120356
2015-10-15,1573427,122864
2015-10-16,1571566,122728
2015-10-17,1569725,122598
2015-10-18,1567922,122448
2015-10-19,1565961,122304
2015-10-20,1564106,122178
2015-10-21,1562225,122031
2015-10-22,1560335,121892
2015-10-23,1558511,121753
2015-10-24,1556619,121579
2015-10-25,1554700,121445
2015-10-26,1552780,121314
2015-10-27,1550979,121160
2015-10-28,1549126,121022
2015-10-29,1547329,120890
2015-10-30,1545511,120751
2015-10-31,1543664,120608
2015-11-01,1576621,123205
2015-11-02,1574690,123074
2015-11-03,1572877,122907
2015-11-04,1570982,122749
2015-11-05,1569121,122606
2015-11-06,1567135,122429
2015-11-07,1565375,122273
2015-11-08,1563460,122130
2015-11-09,1561575,121987
2015-11-10,1559651,121839
2015-11-11,1557793,121700
2015-11-12,1555930,121569
2015-11-13,1554081,121410
2015-11-14,1552120,121258
2015-11-15,1585270,123859
2015-11-16,1583386,123709
2015-11-17,1581538,123545
2015-11-18,1579735,123398
2015-11-19,1577853,123273
2015-11-20,1576077,123148
2015-11-21,1574265,123035
2015-11-22,1572438,122871
2015-11-23,1570599,122712
2015-11-24,1568711,122563
2015-11-25,1566800,122438
2015-11-26,1564939,122301
2015-11-27,1562987,122175
2015-11-28,1561094,122016
2015-11-29,1559323,121869
2015-11-30,1557415,121734
2015-12-01,1590643,124177
2015-12-02,1588728,124037
2015-12-03,1586903,123890
2015-12-04,1585088,123759
2015-12-05,1583189,123611
2015-12-06,1581314,123473
2015-12-07,1579406,123324
2015-12-08,1577577,123190
2015-12-09,1575728,123043
2015-12-10,1573860,122867
2015-12-11,1571917,122709
2015-12-12,1569958,122566
2015-12-13,1568027,122414
2015-12-14,1566183,122267
2015-12-15,1599137,124886
2015-12-16,1597200,124739
2015-12-17,1595363,124599
2015-12-18,1593496,124461
2015-12-19,1591607,124314
2015-12-20,1589730,124161
2015-12-21,1587874,124024
2015-12-22,1586108,123897
2015-12-23,1584247,123752
2015-12-24,1582284,123617
2015-12-25,1580461,123471
2015-12-26,1578604,123323
2015-12-27,1576773,123171
2015-12-28,1574976,123011
2015-12-29,1573136,122872
2015-12-30,1571316,122732
2015-12-31,1569425,122601
